path,bytes,sha256
.gitignore,72,655b18583ad2d45ba12b34ed7139f5f6a8f92116fe0e41224eaafc2102c2cc45
README.md,3207,0f79dc99f7d1861827283936cd0e9ba62b8638fde2d5c70274518d5ee219d3c4
data/README.md,589,84608baf53bcf852cb661874a58b4d33fab397d0df5a30d53db71610695400cb
data/ablations/evaluation/B__B_Delta_001__seed107.csv,555,754cef4d6d09a277e800cd337d0e20f06e376acdc7cab434166408548b048555
data/ablations/evaluation/B__B_Delta_001__seed11.csv,551,1e5e983f48c3114c5946b8c0040469a3d17153ba035c97473bc59aac377ebc02
data/ablations/evaluation/B__B_Delta_001__seed131.csv,555,90f65860bd842d1e56b4612f7657c54be982e36c7d8a4f79a041f76df1ba365e
data/ablations/evaluation/B__B_Delta_001__seed157.csv,553,9e34cba49015962aee960caed4cb01aa658d41aa05f091374297e77daaf33bd3
data/ablations/evaluation/B__B_Delta_001__seed181.csv,553,cf7625ea79569fc4dea90a3604a16ffdbbce1ffe5de4b4db3c64857ba6d8551a
data/ablations/evaluation/B__B_Delta_001__seed23.csv,551,1e99011153ccb8392b266c95ca336fa45793ed4d15a81de8d9741737f4d49e06
data/ablations/evaluation/B__B_Delta_001__seed37.csv,547,81d500e8cd9197208d931281be6f2ffa3b8c9933cea436a7a9b2f0818a2eb6e4
data/ablations/evaluation/B__B_Delta_001__seed53.csv,547,7b1993fb602f8dba6ad7a7e90516f789d27e8354475843b4d49fa45360130803
data/ablations/evaluation/B__B_Delta_001__seed71.csv,551,89daebac50f369d46ef797bb3705315fb5a49d4b98b2a634eaa2ceb0967f2fb7
data/ablations/evaluation/B__B_Delta_001__seed89.csv,553,3e8ca9e5c00b8bf91d0d4000a24fb396c3a227cd59cf7287504dceddad4c9c1c
data/ablations/evaluation/B__B_Delta_010__seed107.csv,549,94c863764419bad457e4c359828061b98d1ed343e621d1bb0cc0023668d1b814
data/ablations/evaluation/B__B_Delta_010__seed11.csv,541,9b21f58d169c44a143014a381b0895d2351c19d616c9ff5a35748be21b2765db
data/ablations/evaluation/B__B_Delta_010__seed131.csv,551,866d737ada911adfbaf12785c6593acd1cd7fd7346d18739137076d0d0d0c7d9
data/ablations/evaluation/B__B_Delta_010__seed157.csv,557,0a33aa5d2bd673b5731119ccfe57e14d33e9ff5c05f297930faa2c081e20dec7
data/ablations/evaluation/B__B_Delta_010__seed181.csv,553,cf7625ea79569fc4dea90a3604a16ffdbbce1ffe5de4b4db3c64857ba6d8551a
data/ablations/evaluation/B__B_Delta_010__seed23.csv,551,1e99011153ccb8392b266c95ca336fa45793ed4d15a81de8d9741737f4d49e06
data/ablations/evaluation/B__B_Delta_010__seed37.csv,547,81d500e8cd9197208d931281be6f2ffa3b8c9933cea436a7a9b2f0818a2eb6e4
data/ablations/evaluation/B__B_Delta_010__seed53.csv,555,0ae153abe7359dbad412810184280032211f3e9f2ad00ef965e6b0a825b33b29
data/ablations/evaluation/B__B_Delta_010__seed71.csv,551,89daebac50f369d46ef797bb3705315fb5a49d4b98b2a634eaa2ceb0967f2fb7
data/ablations/evaluation/B__B_Delta_010__seed89.csv,553,3e8ca9e5c00b8bf91d0d4000a24fb396c3a227cd59cf7287504dceddad4c9c1c
data/ablations/evaluation/B__B_NoRollback__seed107.csv,549,94c863764419bad457e4c359828061b98d1ed343e621d1bb0cc0023668d1b814
data/ablations/evaluation/B__B_NoRollback__seed11.csv,547,37e599514a61a962819124403b52f44984e4b0c44aa2ac308836565e0e3c7646
data/ablations/evaluation/B__B_NoRollback__seed131.csv,551,866d737ada911adfbaf12785c6593acd1cd7fd7346d18739137076d0d0d0c7d9
data/ablations/evaluation/B__B_NoRollback__seed157.csv,557,0a33aa5d2bd673b5731119ccfe57e14d33e9ff5c05f297930faa2c081e20dec7
data/ablations/evaluation/B__B_NoRollback__seed181.csv,553,cf7625ea79569fc4dea90a3604a16ffdbbce1ffe5de4b4db3c64857ba6d8551a
data/ablations/evaluation/B__B_NoRollback__seed23.csv,551,1e99011153ccb8392b266c95ca336fa45793ed4d15a81de8d9741737f4d49e06
data/ablations/evaluation/B__B_NoRollback__seed37.csv,547,81d500e8cd9197208d931281be6f2ffa3b8c9933cea436a7a9b2f0818a2eb6e4
data/ablations/evaluation/B__B_NoRollback__seed53.csv,555,0ae153abe7359dbad412810184280032211f3e9f2ad00ef965e6b0a825b33b29
data/ablations/evaluation/B__B_NoRollback__seed71.csv,551,89daebac50f369d46ef797bb3705315fb5a49d4b98b2a634eaa2ceb0967f2fb7
data/ablations/evaluation/B__B_NoRollback__seed89.csv,553,3e8ca9e5c00b8bf91d0d4000a24fb396c3a227cd59cf7287504dceddad4c9c1c
data/ablations/experiment_B_all_runs.csv,18425,d7d5ae9ec0912862190ed44ac154cac66e5ca10d9d5326de4787bca002ebf63f
data/ablations/experiment_B_summary.csv,479,9ae69b8a4c3ab42ab51a6e37bf8a57645958566886bb13a3d04f1fb3e249c60a
data/ablations/runs/B__B_Delta_001__seed107.json,1599,329813c5b1afed23bf57cd7b80c5ca3c8307d819ba8f0fd8d71579469b4e3cd8
data/ablations/runs/B__B_Delta_001__seed11.json,1591,0e3ff90238c11330bd49c138ce91781dc4a28053e9f9e2eb13926da9b58bbcc9
data/ablations/runs/B__B_Delta_001__seed131.json,1600,f8b85f4cc9158abe5734f1576037672b168fac6c0450bc488366d98674aa433a
data/ablations/runs/B__B_Delta_001__seed157.json,1601,7ad6bf523b6dd9215cb0512f0917fc4ba0b4a485decbbcebacf2732c303427d0
data/ablations/runs/B__B_Delta_001__seed181.json,1591,c7cacd072d99241554f1de3ca738edcbd3c04ff83009218cc067629939ddd07a
data/ablations/runs/B__B_Delta_001__seed23.json,1580,4727a7cea0c4f99ab433b7dfa7129280a47b53639b4c02d56f644095f7383ddf
data/ablations/runs/B__B_Delta_001__seed37.json,1587,e6ad808990cfa164b47694d9c785f729ed6c9d1b4104cac63a8303f90ad1ffed
data/ablations/runs/B__B_Delta_001__seed53.json,1595,2c1648e3ea7eb04aaf9bca73565598dc005bd6978bd9e3d7d68774a82c3b050e
data/ablations/runs/B__B_Delta_001__seed71.json,1565,47669113c0b30fbac6e440afb3e711519c7e280037759c6def559dda32f704e5
data/ablations/runs/B__B_Delta_001__seed89.json,1593,c56749db3d2799f6cabb418a9c943823968da4d21f171b5b1a5280a041ed1f3f
data/ablations/runs/B__B_Delta_010__seed107.json,1557,43d7217280eb8035153544b8315741c44f372f7290ecbd0068cefaf3333a5a51
data/ablations/runs/B__B_Delta_010__seed11.json,1563,16c16db50aaa053c29688548eae055dab6e73ae50bba929c4c5a0701abeacfd7
data/ablations/runs/B__B_Delta_010__seed131.json,1588,98e0c742784bbe7f0fa3cb15b1c741959e32e6f40626f26df58514876b7e978a
data/ablations/runs/B__B_Delta_010__seed157.json,1588,3dae50879e5b6ddb6a4753a8c6a12a82a86a3cfc6d7b1b3688469fbad98f5bcc
data/ablations/runs/B__B_Delta_010__seed181.json,1590,18e3b91d723aa3c706229b0e32b68cf8343323b9a174cf5eb85f302b8253ec66
data/ablations/runs/B__B_Delta_010__seed23.json,1583,268e80a49e66cec2142783f6dea235e9a86aca31bd98cf05e12b474c169cf05a
data/ablations/runs/B__B_Delta_010__seed37.json,1586,4136dbbc18b4543c420b6da04f1ebfaff9b07d1693f633086cc4ed0c8da9b8f7
data/ablations/runs/B__B_Delta_010__seed53.json,1582,28764938d40d3c9f318363499057228440e32c7ef37aa34f3919109225447408
data/ablations/runs/B__B_Delta_010__seed71.json,1558,b533c8edb2daf6020742815a69117fc4098bb1047a773876b93244a8eff6e85e
data/ablations/runs/B__B_Delta_010__seed89.json,1588,992d2e8f8352e881fb90ace5502c37b930f995422c068855d94d2afe972ea969
data/ablations/runs/B__B_NoRollback__seed107.json,1564,93d5f6e5c54246e5d1c52e71f1a88729287037cdae814282492f3f5cff32c0f7
data/ablations/runs/B__B_NoRollback__seed11.json,1599,d7f2bcc77b527ede4b43115fb9459c0d44b165f89e1f5e2da7d1a2e2788f5ff9
data/ablations/runs/B__B_NoRollback__seed131.json,1591,0b3690b29338d6c994cc2f1e7a65355ef6a4d1ec0fed24452aa524b3f5fd74ac
data/ablations/runs/B__B_NoRollback__seed157.json,1595,1d91dad4304ac5aa16a0c30d3eea181f7b7e3400e5df3fccdad8f901c06dbec2
data/ablations/runs/B__B_NoRollback__seed181.json,1596,e266078bbaa49aedc9d4c3367846905a2bdc3adf6c220f0afd9943027cd92aec
data/ablations/runs/B__B_NoRollback__seed23.json,1589,e6ed86b72a6dfa224d406063ac91a2fd71a3b38aa047e4f1e8aba72b447ce540
data/ablations/runs/B__B_NoRollback__seed37.json,1592,e3d1039fe0b3810eef87c035ec24714b4c93952e297af062baf6424f4f47cc57
data/ablations/runs/B__B_NoRollback__seed53.json,1590,a31bf742a23d27ef00c74b9949e2624bc3c0eae87c8a79194c7adbd7c80d987c
data/ablations/runs/B__B_NoRollback__seed71.json,1573,75a7ef975f25fdeaa7eb3b10d3f003da05dfa8f36304b6a66bfbea8492f24cb8
data/ablations/runs/B__B_NoRollback__seed89.json,1594,a05beb02b464a16dc959c3e9405d46ff9714ba7f032e3211413abd5d28713d09
data/ablations/updates/B__B_Delta_001__seed107.csv,13477,3eabb12dd5b594ba50c83efa70deca72c113d6da415f18bd10cb0d6b223af0b0
data/ablations/updates/B__B_Delta_001__seed11.csv,13489,af855158aa92c7954e3e9999e5426674e7cd0a5c1a17a478070055ce4590b4cf
data/ablations/updates/B__B_Delta_001__seed131.csv,13468,508285098e1ead5a54c66879ce77601e14894ed00f9f63db416b58bb06cb83e5
data/ablations/updates/B__B_Delta_001__seed157.csv,13500,3bb7758241638676d8b27bd7c6e3ca8b5db7016704d835410586911dc3605109
data/ablations/updates/B__B_Delta_001__seed181.csv,13442,7735f7e16541f44c6c467443e3a514a46ee57a2160b076e4dd5488dc9be529eb
data/ablations/updates/B__B_Delta_001__seed23.csv,13461,df118735e63d2194540cadfdcb8800e8723fc73d249339847dc73695c746cd51
data/ablations/updates/B__B_Delta_001__seed37.csv,13458,61115e69deed7255e6fc5ab8563446629181d72f800f59fce11700aa28ff2348
data/ablations/updates/B__B_Delta_001__seed53.csv,13496,80ab2a23b066db675cb2fc99060b8e72f943eab2daeaab58e1705c6e1202b553
data/ablations/updates/B__B_Delta_001__seed71.csv,13457,fae81bd566aea9f548ccc1aced876fb80e8edf784381b98ec2d7ecba1eac918e
data/ablations/updates/B__B_Delta_001__seed89.csv,13484,153fac69a73667673667ee394739fbcd6995d1ef81bedd94f640c58bb5ff953d
data/ablations/updates/B__B_Delta_010__seed107.csv,13397,cd1ae68ebdc8a986d83dd83de8e18485778f72281135cb9d9ff1f8a0ae64e702
data/ablations/updates/B__B_Delta_010__seed11.csv,13400,d945e4ab558d31577795dcd16ee0abbc05a1784e9f5331d7ba37306efc6ed0a3
data/ablations/updates/B__B_Delta_010__seed131.csv,13399,87a11b7390cf70f2b348a71dd178b506c3b5de3f952d9987269b67ed4c40966e
data/ablations/updates/B__B_Delta_010__seed157.csv,13419,4587fcd44e2f691b496649129bc22d92dcc7810d3f49ad19eaa777fcf9166905
data/ablations/updates/B__B_Delta_010__seed181.csv,13371,6cf02202d1607c83f7e9bd6397ef272a5065ccf813e29ab04a946c364e4a3e88
data/ablations/updates/B__B_Delta_010__seed23.csv,13385,e40cbfbab4bf389da0e94fc5ef44457b46f8b8fe91927d2914affff5c8f9042f
data/ablations/updates/B__B_Delta_010__seed37.csv,13387,3e3792c68ac326d53cf254a5d7d33dce1b126b55e654ee0cc09871f5e535bcc9
data/ablations/updates/B__B_Delta_010__seed53.csv,13425,adbc7272a14da918e3096caa55f476f7e0ad629399ae902f42f82782cadcd0d3
data/ablations/updates/B__B_Delta_010__seed71.csv,13386,c984cfa0b3ebf22ad401d9c237f38ee66afe5bf51c8d2dbe11b0ae80ed7f9ec0
data/ablations/updates/B__B_Delta_010__seed89.csv,13403,95f456226d0489d3c7db6ff65fb8474164e9777d5c2525d1036aed2717877f1c
data/ablations/updates/B__B_NoRollback__seed107.csv,13409,f7c3c40421ff3a9284f77ef0446918aca5c02a65c203664dcd65c9fd503f223f
data/ablations/updates/B__B_NoRollback__seed11.csv,13423,cf9a330183ffc98d7933aaa75ac157a3a22763ea5a14a5ea37a3493f90cc8580
data/ablations/updates/B__B_NoRollback__seed131.csv,13408,2797906b760717a747d108c637608e04d761eb0beef0bc9e90a091b53c044288
data/ablations/updates/B__B_NoRollback__seed157.csv,13428,573eff5b94648848f639988eebf3df48efe02b2a85233f23dd4667b655377c1a
data/ablations/updates/B__B_NoRollback__seed181.csv,13379,ccb2462f3c76999dc2b5e19c24772d41f3613c6d0d980faa0b139d4da7a6b006
data/ablations/updates/B__B_NoRollback__seed23.csv,13396,ee2b104bfcffbd97dbf449729c6162360e4fdf9a85bb39567fed2a1ffb8182b7
data/ablations/updates/B__B_NoRollback__seed37.csv,13397,ccca8cd69d61782138030d682cc167226f567a42b9291422670c4758c6a6b772
data/ablations/updates/B__B_NoRollback__seed53.csv,13437,6ee5319ca3ff682e710962dab92c15070385548c62c10e86fcf5b6ab09f1fdeb
data/ablations/updates/B__B_NoRollback__seed71.csv,13397,a9b8b6e35d5cad6671eb7692b2bbf5deeaf8f5af6f6c940f84ec2a05cb98e131
data/ablations/updates/B__B_NoRollback__seed89.csv,13418,a931c221235263d0f74d03448439cec2fd5eaaf4ef40086e4093ede4e7543083
data/confidence_bounds/experiment_E_all_trials.csv,11151030,2273673290e409d7a7926854f157682a31d31e15855473d739db46b99f9e5204
data/confidence_bounds/experiment_E_boundary_distance.csv,3661,1df0ad1d81aea79e016012ffa26959ca152050f0db4527737a428a2fb46ce027
data/confidence_bounds/experiment_E_protocol.json,1013,52cbe15fd5e2ef00ea5a06470d6bfc413175982e9e9b063e800b17586c71b1af
data/confidence_bounds/experiment_E_summary.csv,676,e7ccbcb730edaebcafb26db767af068fe0e75ba4098c83c7dce813e96d3ed136
data/depth/evaluation/D__D_Layers_1__seed107.csv,557,e8b43441f42e9723c9241b6884ccf81b4e968acf0403a81f4bbadec0b7cdd734
data/depth/evaluation/D__D_Layers_1__seed11.csv,549,40e48cc45110011ad67e2983ddb47d6f7e1bbcd85f982ccf9e61e4b5c8e484fd
data/depth/evaluation/D__D_Layers_1__seed131.csv,555,a2e1e83524ec3cb56f7833b6e8690d9b9f3b3ae48064bc2a354a103019704f54
data/depth/evaluation/D__D_Layers_1__seed157.csv,549,c9ee274f23f388f8b7230e0d1b472790b98231a10822289d43fa951f5922f0f9
data/depth/evaluation/D__D_Layers_1__seed181.csv,553,58aaacf57b779e1bb7020acad42b5743912d441f67f0d4e5e3f0b847ed6a46b0
data/depth/evaluation/D__D_Layers_1__seed23.csv,553,ffd827a1b61b766a645a0de5c0c2ef5c66436ee682e2e0de67349cfc66fe8100
data/depth/evaluation/D__D_Layers_1__seed37.csv,557,eaaed8390f53aaebad48e6ea9319aa6b0ec4d9577f3f6a4f61060f2379e4ace6
data/depth/evaluation/D__D_Layers_1__seed53.csv,549,06c62d4b1be31cdbf1792f16105e545d253b1ad7f2e97a4ba4e7dab266c4d94f
data/depth/evaluation/D__D_Layers_1__seed71.csv,553,ea1b84f4bf36b7fe302ffccd946ab6e763e55d8a3388f23554ccc81815dc3037
data/depth/evaluation/D__D_Layers_1__seed89.csv,549,7ee51ec62a79cb35e8b18607b4a8d6eae1e05623f226fc0d7c40a0179f3f82f5
data/depth/evaluation/D__D_Layers_4__seed107.csv,557,bd135315fb3b8e28a78cecb9f158778e4a8b689ac7fac4b4d80852c377eaccdc
data/depth/evaluation/D__D_Layers_4__seed11.csv,553,9d3e11afe9ee744213dcc1c78e9e490e9937986fc9f7305f14504716db8dc62d
data/depth/evaluation/D__D_Layers_4__seed131.csv,557,630566a5f2a628da081053eae91331a327e963502669da56d010150e476fb474
data/depth/evaluation/D__D_Layers_4__seed157.csv,557,d5fa47c5e69f1c9e5e7919c880fe3470a594798facd3311a6a97fa50a2ac8c11
data/depth/evaluation/D__D_Layers_4__seed181.csv,557,d07216a158370651e443873e54e9a0b3015c83154d9912e4fb8b9c1761b268ab
data/depth/evaluation/D__D_Layers_4__seed23.csv,557,8aa427c449044b06d5c88d2eb9c979682ae221375b77cf647ff1cb433aa6b8d1
data/depth/evaluation/D__D_Layers_4__seed37.csv,555,6cef7e7578642ee2f76e7d25bc5bd5221334b5bfb3e7546cf6bcbaeaa0e5ea1b
data/depth/evaluation/D__D_Layers_4__seed53.csv,553,2f7f9988120aae2664ae5c44f78f9dbbf2258b1ca413f418053e610d57c22126
data/depth/evaluation/D__D_Layers_4__seed71.csv,557,4f87043d8506b7e8ff01e61158a8a103c3359d66ceb97a20c66df69fd6981fea
data/depth/evaluation/D__D_Layers_4__seed89.csv,557,11897e4f0aed7af69ddbfa072736ff886568b4831c913d6dfd2c1ea290a2a350
data/depth/experiment_D_all_runs.csv,10837,2bd759b6fef128f6d563852412299922a2732ef119b518ebc7bc9d6f385be4b9
data/depth/experiment_D_summary.csv,398,b77df0eb992a85c447b745b05a623940f7d822a7019f61ef6fccf85599749c0e
data/depth/runs/D__D_Layers_1__seed107.json,1446,4a0ee5fdc41ef0bdb7de34457b327f15d98a50335013095eb938ee9fcabf5efa
data/depth/runs/D__D_Layers_1__seed11.json,1451,d6b81d6adfdae4e58675437c6e618890155d6263d18d241e5bf66b97b6dfaa75
data/depth/runs/D__D_Layers_1__seed131.json,1417,3382aeeaf0e2da70f6afeb70c1a9d4e7e152d7eab5a06a0511b5e631005e7317
data/depth/runs/D__D_Layers_1__seed157.json,1446,3e28b841fbe04ff7525b6caeaed871bb308285835ee2938fa8e7b8e69df56d2c
data/depth/runs/D__D_Layers_1__seed181.json,1441,8763185f93ea1e52add8345d7a415f1ba8651744d43e3aa0c12a915a5f7537a0
data/depth/runs/D__D_Layers_1__seed23.json,1416,06d42fa5a5c1a9727c2ceb70105e5c69b7aeec1b9a7cdda9f1c54a2e3544e7af
data/depth/runs/D__D_Layers_1__seed37.json,1445,39d019551d7cde495d785b2fed2454285edc591e75bc1b193b7c8766b3d90988
data/depth/runs/D__D_Layers_1__seed53.json,1441,aec266d68258dfd99a4126f3d2d4494d8222991e30f2fd9c2b96af50e5506bd1
data/depth/runs/D__D_Layers_1__seed71.json,1457,d79031cec014d5783ef54868c73ab123bc9edb89d7cec61493fef7437888b254
data/depth/runs/D__D_Layers_1__seed89.json,1415,551e8e6cc93652cdc73930d493985bcdf56ff99418540627290d2c79254f237f
data/depth/runs/D__D_Layers_4__seed107.json,1457,611ee680ae12fb72c1cfb64dcaa81ea4131913c3ffe6faee6ec0f3bd6b421684
data/depth/runs/D__D_Layers_4__seed11.json,1457,2e699fd4a7f6444c84667bec6a9c33cfc9fb7b8a40635cf9b03342dd787b2aac
data/depth/runs/D__D_Layers_4__seed131.json,1435,2c9b2ea8b4f1a69d1a1a18471dcb222a941cb8c1d25f43747698d2d3c1ca4a36
data/depth/runs/D__D_Layers_4__seed157.json,1461,fc2c772e368c2ff4b6bdeee40d67f1561dde0edbc6d6bd57a6d4178ea8374feb
data/depth/runs/D__D_Layers_4__seed181.json,1459,5a1e32a3716c2614689b0d641606bafb6ccf8edd6d196bee2cd61f4f308f5ea2
data/depth/runs/D__D_Layers_4__seed23.json,1456,a4e5041d747f6124c9bac5d8160309f52c753ff19706e60f2e85db49cd242053
data/depth/runs/D__D_Layers_4__seed37.json,1423,ef59b5dec30a2e6dcff83edaac1cc4f07034d30087f73aff4ff2d3a023111425
data/depth/runs/D__D_Layers_4__seed53.json,1452,919f51c04d669f6b2f48b945c84968dcb208b6d81efed368dd059bcdee33d018
data/depth/runs/D__D_Layers_4__seed71.json,1458,1cd3df37a8edbd9e3f22f7b0a8858af035e94cfbdb907e7c365690b0ac5da8b1
data/depth/runs/D__D_Layers_4__seed89.json,1420,b53520ff3ea58ba41a91889ca8edfdf5a4e2a6c61361e7851bc2a6b80b821474
data/depth/updates/D__D_Layers_1__seed107.csv,13236,25858b5c356a3ff249d6884e31073b41780aeea4e82d0115b56e48a332cb0f28
data/depth/updates/D__D_Layers_1__seed11.csv,13231,56ae8e1ad67729106c44509b4b015d4ed7f3640bd57d59e802dc4af5c61f988f
data/depth/updates/D__D_Layers_1__seed131.csv,13210,b0b8e4725c1eee0a3e48ba1151dfed3228e1104396f887fd4b462c7b06433d5c
data/depth/updates/D__D_Layers_1__seed157.csv,13220,becb44ac2588e3f54266692c7292a3df22e2d244799686492106d6622f313bf1
data/depth/updates/D__D_Layers_1__seed181.csv,13247,2532df50647c8df2a07291ab398e31f9db964c61f4aef891941a6719109cffdc
data/depth/updates/D__D_Layers_1__seed23.csv,13208,133914be6363d1051fd2bb8df9fa81a06ddd95a6acc631a35cf19c64ae40d1fe
data/depth/updates/D__D_Layers_1__seed37.csv,13233,bab4aef0b4f7ae085b605ec476876fcbb005ec73ee828f7c72a4de7b295c623c
data/depth/updates/D__D_Layers_1__seed53.csv,13229,a16ceb83124079a93e70fef8016c8b68f592b322298a10673265622f7422c340
data/depth/updates/D__D_Layers_1__seed71.csv,13239,ab951b641693111cba17dbcac7067fa62332a37533fd39b119018e1299506f24
data/depth/updates/D__D_Layers_1__seed89.csv,13225,95706410fd5b42dcda4323dd469079f80a8e9fba478b749c319de0ba8ebbc171
data/depth/updates/D__D_Layers_4__seed107.csv,13436,f5ef59782738dcd54b3a471520e85c41ccac6d1e5079342c0afb58e16bfde028
data/depth/updates/D__D_Layers_4__seed11.csv,13464,2d3cb7dcfef973771baf819c5464754c6569db3a6c360b3e7dd0e1410fe63cfd
data/depth/updates/D__D_Layers_4__seed131.csv,13430,a1c9902f0aa0120390c47d8b0f7f80e729e9ac533863d1499f9ce623a4ef7a32
data/depth/updates/D__D_Layers_4__seed157.csv,13471,dec6ad082c4b287d3ad59d7d3fc6afeeecd9a7ba8224831edb9e90e763489706
data/depth/updates/D__D_Layers_4__seed181.csv,13439,7e6ffe6c132463f58a4d597d425e65020e35e5b90c3a729fa26c63897f026ed5
data/depth/updates/D__D_Layers_4__seed23.csv,13448,47e285558354954e3069c0522eb0b9d0183a6c33aa7890e890f4db13c2d05be6
data/depth/updates/D__D_Layers_4__seed37.csv,13453,b956cac05cb0fd23ae2847f46aad7ca872eb72f39da22148a1707f41c7491ab8
data/depth/updates/D__D_Layers_4__seed53.csv,13456,f7945c4b7d06b518f0170ff3216e3769afbe02e42145da27ecfa52d40e5bae1c
data/depth/updates/D__D_Layers_4__seed71.csv,13479,0748b19e362f85119bd30dad39e4f480d5ecdf92afa1f1512dde46fcf314e0d8
data/depth/updates/D__D_Layers_4__seed89.csv,13449,93a8080507a5ad40df00468af40077c91ee94f3cbfb94d1f252aef8380bf5ab4
data/noise/evaluation/C__C_Depolarizing_0005__Fixed-QPPO-128__seed107.csv,555,07ba9f3d75c5d49efe5d345c60791f485d252ddbf9ff8c57bbb6eaaa8e0222fb
data/noise/evaluation/C__C_Depolarizing_0005__Fixed-QPPO-128__seed11.csv,545,cb9a91aa4f75c3c31896c3f0d308f7b07d4f8b1fe29ee3862e612182257c7eda
data/noise/evaluation/C__C_Depolarizing_0005__Fixed-QPPO-128__seed131.csv,549,2e054b77b1e054b9ea9bda3908e412ea90e11d85f1c4a4a20018d2cf7881c5bc
data/noise/evaluation/C__C_Depolarizing_0005__Fixed-QPPO-128__seed157.csv,553,6b3ca42b3fd33336ea0b8f45f68f462dee107f11e00ba2098a701fc122e02b8e
data/noise/evaluation/C__C_Depolarizing_0005__Fixed-QPPO-128__seed181.csv,553,f6c63236dccc5769f97b810b0ce028575fd177879d69780e30a8af3a241feade
data/noise/evaluation/C__C_Depolarizing_0005__Fixed-QPPO-128__seed23.csv,551,0dee784ac5c49180632c5e6cc2e79e776070f4512abff0766887614b145cb860
data/noise/evaluation/C__C_Depolarizing_0005__Fixed-QPPO-128__seed37.csv,547,237868104f152bcb111f2a349410bba499df4e01b6d242ab59d9ea8aa378ef4a
data/noise/evaluation/C__C_Depolarizing_0005__Fixed-QPPO-128__seed53.csv,551,dce73947a8b9dbb9989210f80645d7625c755c119ffee3c17be7e7cbc5fd154d
data/noise/evaluation/C__C_Depolarizing_0005__Fixed-QPPO-128__seed71.csv,553,06cfed0e79e98866674b8623d656e356608ec70b6e986682fe073d9eb70e8a91
data/noise/evaluation/C__C_Depolarizing_0005__Fixed-QPPO-128__seed89.csv,547,6a30b33d40923cd80ba52e4e7b4f01529976d5e9fadc0333b8937298ee10c566
data/noise/evaluation/C__C_Depolarizing_0005__Fixed-QPPO-256__seed107.csv,545,6b38f7a3fd0b500496e5dab8ceca43b6a54382f9dfd3c2a2365884b888e3b6bd
data/noise/evaluation/C__C_Depolarizing_0005__Fixed-QPPO-256__seed11.csv,539,15d7ba175320ad95bed7ed53148c00870d2442c02d88ae17d091d962f14a8f47
data/noise/evaluation/C__C_Depolarizing_0005__Fixed-QPPO-256__seed131.csv,551,88202fbec2b33a7801cf62035ca1bb25fb6ce79ca86b9e167073ff4c34691cc9
data/noise/evaluation/C__C_Depolarizing_0005__Fixed-QPPO-256__seed157.csv,553,d4d726e6697161c90edb80d7c3ab74f43940797a9ac9530dfa4ebff613523016
data/noise/evaluation/C__C_Depolarizing_0005__Fixed-QPPO-256__seed181.csv,549,11b8e84d187cdbc16e7fbb335ad03514db83bf2e84ed894ade769e60e83cb697
data/noise/evaluation/C__C_Depolarizing_0005__Fixed-QPPO-256__seed23.csv,551,fe06a54d2a532c1603fe3f4fab74c969648c51ba55fa4d97802d6061896963ff
data/noise/evaluation/C__C_Depolarizing_0005__Fixed-QPPO-256__seed37.csv,543,63aea9e9861ad355779bc5ceec2ea28ddb8ff29466dee0c280e3e6d47e9060e7
data/noise/evaluation/C__C_Depolarizing_0005__Fixed-QPPO-256__seed53.csv,553,9ac45291f8f6d7828a4642a505ce742723377347aefd919893fd44e9b448ebae
data/noise/evaluation/C__C_Depolarizing_0005__Fixed-QPPO-256__seed71.csv,551,9a1afb72dcd4ee3f521e50c4b9782f487be570d3a025a1116764fdc0e5e575e3
data/noise/evaluation/C__C_Depolarizing_0005__Fixed-QPPO-256__seed89.csv,545,99cabfb2ef924fce4a0a4a399b76ca143af5fa3a6ba4ca34b8a441c150b59029
data/noise/evaluation/C__C_Depolarizing_0005__QTrust-PPO-128__seed107.csv,553,da86a13b9f8883d295eeee0a762faae92f7d13d264c56c43254b27fb22e694d2
data/noise/evaluation/C__C_Depolarizing_0005__QTrust-PPO-128__seed11.csv,549,380b0ef98cd7342dc0a48db247496cc0d81081f13da407a2945bc1710af90995
data/noise/evaluation/C__C_Depolarizing_0005__QTrust-PPO-128__seed131.csv,547,ff15b013a0fd255b69fc4a234932fe057b49e3e0136d2bf04aaf59c1e8f1b674
data/noise/evaluation/C__C_Depolarizing_0005__QTrust-PPO-128__seed157.csv,555,6852cf5c04050a8757dfe2896d1f66af48a7e0efeee2f8290abce3901885ed0f
data/noise/evaluation/C__C_Depolarizing_0005__QTrust-PPO-128__seed181.csv,551,38797d9f34d2b023a71ff3cefc43b0005fc86a29b406cfb34a3c246bd8fd9ecb
data/noise/evaluation/C__C_Depolarizing_0005__QTrust-PPO-128__seed23.csv,553,82704039611ccfefd90fa9c04a982994cfd41ccd02b7dec5a4638461085a741b
data/noise/evaluation/C__C_Depolarizing_0005__QTrust-PPO-128__seed37.csv,553,46c5041577b79a0f4bb849d14e850d475338a77b4ceb9c828caec793b1f4bc9a
data/noise/evaluation/C__C_Depolarizing_0005__QTrust-PPO-128__seed53.csv,553,a312c6cb01145f3c4133a0d0aa078e7e4adae209aa29cf31235eb39e57bf3282
data/noise/evaluation/C__C_Depolarizing_0005__QTrust-PPO-128__seed71.csv,555,4a565504b96a7b383df016a8854f730f81899a9547584652b8dc89284a12955f
data/noise/evaluation/C__C_Depolarizing_0005__QTrust-PPO-128__seed89.csv,545,3c8192cfc68e1fa83230ca6a768d3650e7e629cc49cb520e66780c1c5a7679a8
data/noise/evaluation/C__C_Readout_002__Fixed-QPPO-128__seed107.csv,551,c2cbc9400264fca099542afb10c5ca21bc830f796dbffa848e7c0486cbb10d85
data/noise/evaluation/C__C_Readout_002__Fixed-QPPO-128__seed11.csv,545,e101dba72313bbf4dc8e8151bea42274d710c9a05046554d81a22591b8abafd3
data/noise/evaluation/C__C_Readout_002__Fixed-QPPO-128__seed131.csv,551,a4b3b5e39e14cfdf8a9baacf22bc1fa424e41c58e77d16889a52eaed5e2eee2f
data/noise/evaluation/C__C_Readout_002__Fixed-QPPO-128__seed157.csv,557,b475e51d6b2ad40df4c9389fe56a22a93da4235d9f234072c00c8a85ad59e5ce
data/noise/evaluation/C__C_Readout_002__Fixed-QPPO-128__seed181.csv,549,56cf0c151fe664a5c7797019ae2ce5474e68cb30e3db28bd4f5cb605d6432392
data/noise/evaluation/C__C_Readout_002__Fixed-QPPO-128__seed23.csv,553,a671dba00f42e49c8f91a7e7a4bd8639216090ffef1cc6191a2ccc9db0012951
data/noise/evaluation/C__C_Readout_002__Fixed-QPPO-128__seed37.csv,555,9a3da674ed72b7745f802a5ba76bac5e2b217873645ce4d5d330fa10600c0bb9
data/noise/evaluation/C__C_Readout_002__Fixed-QPPO-128__seed53.csv,549,57238745ae2358d7eea8754d9b70d4e961f2559f16954aac07616274e99eae1f
data/noise/evaluation/C__C_Readout_002__Fixed-QPPO-128__seed71.csv,551,edfc883f4f4de8e7b9d36632867589ace5bdda733dc92b430300ef4b808a766e
data/noise/evaluation/C__C_Readout_002__Fixed-QPPO-128__seed89.csv,551,cfa2789964de8ed5dd8248f165f10c32d9f182ad8f510ef9ee145cc05d4b9ebd
data/noise/evaluation/C__C_Readout_002__Fixed-QPPO-256__seed107.csv,551,6c70d001722b4e9bc78e2b8529ab6e25f706b75d510940b4325d55c3d9a9ebd7
data/noise/evaluation/C__C_Readout_002__Fixed-QPPO-256__seed11.csv,541,380cc620c4c30343ba843df6946f6d6b6122d5d11e665c415779c60f673dc439
data/noise/evaluation/C__C_Readout_002__Fixed-QPPO-256__seed131.csv,545,49a0b49ab93ffa8491260607f6e780c83cf6b3a5c1358b919a508be6fcf0d4a4
data/noise/evaluation/C__C_Readout_002__Fixed-QPPO-256__seed157.csv,553,e718c4b529c9cd3e2760ed5ceaab6fabc7b8799583f6d9874aeaad9b7008a6c8
data/noise/evaluation/C__C_Readout_002__Fixed-QPPO-256__seed181.csv,547,1a184d5ff7b8c9e9650d299c66ac801d5560bcfa3e249eed2037d873cc8b316d
data/noise/evaluation/C__C_Readout_002__Fixed-QPPO-256__seed23.csv,545,a33dcd493552bf12ea1e9097f1ddfc0456b1be08d1985835ff884c3e05c575e7
data/noise/evaluation/C__C_Readout_002__Fixed-QPPO-256__seed37.csv,547,6fd8a2e1d074d579633d657f3fe76c7c9d566a694d9e6ae7a417f87c4d56dbac
data/noise/evaluation/C__C_Readout_002__Fixed-QPPO-256__seed53.csv,551,6c350e9da90011170a37f2d0122dd40f55b55e451f1d6df25bda4a26a3de0b3f
data/noise/evaluation/C__C_Readout_002__Fixed-QPPO-256__seed71.csv,555,0baee4157a3b093a4b2374f4576f3c3e265fc3a8bf3453ae5a350a8037bf8692
data/noise/evaluation/C__C_Readout_002__Fixed-QPPO-256__seed89.csv,551,47ea773f430b9bcc599839d9bcfe3788d4543e0c0bb0ad7fd0d82707b0860a68
data/noise/evaluation/C__C_Readout_002__QTrust-PPO-128__seed107.csv,551,95b4b1f55c21f3058753403fbac464611af77beed3d9d6e7499139d4272cc0e7
data/noise/evaluation/C__C_Readout_002__QTrust-PPO-128__seed11.csv,551,1202ff671ab8d35f4e4d8cbf8984a1eacf98d680d8711d2c27394ae3cab127a4
data/noise/evaluation/C__C_Readout_002__QTrust-PPO-128__seed131.csv,543,eae8f49242773b92af5846855ee8c13926b39268b08fdf9cbbaf91898189be5d
data/noise/evaluation/C__C_Readout_002__QTrust-PPO-128__seed157.csv,557,ddca09aa4020eaf0d8a3769012f8657e5878104527910ec28b3a0168d17a5b66
data/noise/evaluation/C__C_Readout_002__QTrust-PPO-128__seed181.csv,553,758e3e473ef95b9bbf86cc4d3afaf3542960c76b348b459721fedcbc67cc3188
data/noise/evaluation/C__C_Readout_002__QTrust-PPO-128__seed23.csv,551,b5c4050fba72835c88cd2771d0e8008575a4f67aa1c72318d9490a92c46aa88f
data/noise/evaluation/C__C_Readout_002__QTrust-PPO-128__seed37.csv,551,a4afca6bb337d3031fc88c5adac6945f64913945474ce61638a609d33d79830a
data/noise/evaluation/C__C_Readout_002__QTrust-PPO-128__seed53.csv,553,7ef0f448cbd6bee0c32d014c7994507afbf68e356f2c5732085751a413051347
data/noise/evaluation/C__C_Readout_002__QTrust-PPO-128__seed71.csv,553,165131ccc8936a4033cabb9a2c78171a7e6c350f52c5063575f5f849137c64b2
data/noise/evaluation/C__C_Readout_002__QTrust-PPO-128__seed89.csv,545,038cb7f7e47efeb41dd7fab6000506c8c43c80a3dd236faf7bd6e835a58db66e
data/noise/experiment_C_all_runs.csv,33444,8a676f6d45213883651e1a4b4fdffa06ac9cc455f81279925ba715895eae76d2
data/noise/experiment_C_summary.csv,863,8520dccdc13126e982857633f65299ac1eead1ca67398b262ad52a95371b4020
data/noise/noise_implementation_addendum.json,1144,f7145e31e474b88b9cbdcac83d4b69ec870e5f68b8d29901b009dd58d7c20c71
data/noise/runs/C__C_Depolarizing_0005__Fixed-QPPO-128__seed107.json,1468,c53ad360dd4409b85dff86b0eb2cb0126bc9456227c9e52f324b9dd4053e1d89
data/noise/runs/C__C_Depolarizing_0005__Fixed-QPPO-128__seed11.json,1491,7ca6e8268a016f14ea8586ee9e3a29a276d5ca8840a84d5e908b6dd58bebe0d6
data/noise/runs/C__C_Depolarizing_0005__Fixed-QPPO-128__seed131.json,1463,9e16d6ec492ced959d3ea18a10a32dde99827b38df6d1129b771129c99c608cc
data/noise/runs/C__C_Depolarizing_0005__Fixed-QPPO-128__seed157.json,1495,f1efc02b24118b86276a21ceba2542a1949d6c2eae61a67182ce6dc1a1f64938
data/noise/runs/C__C_Depolarizing_0005__Fixed-QPPO-128__seed181.json,1496,e8296483be3622a740b0d555dcb17bd1f7c5906d42d44cd8fd681d0ec07de633
data/noise/runs/C__C_Depolarizing_0005__Fixed-QPPO-128__seed23.json,1463,c899294bb786f77fb0beac53cb61e108c1d4f5bb58b6dfa2d9b710581f544e24
data/noise/runs/C__C_Depolarizing_0005__Fixed-QPPO-128__seed37.json,1492,c3420c84124fadb3555bdeff10c991ed844842db4ed3f2c12726057ac71b677e
data/noise/runs/C__C_Depolarizing_0005__Fixed-QPPO-128__seed53.json,1487,1ad14ffae62381c799e85f707c46d4cec2767cdff750c795ee453bd7439bea01
data/noise/runs/C__C_Depolarizing_0005__Fixed-QPPO-128__seed71.json,1492,758f4c61912c92989cc10b3d3775602623b03e02caebceee423cd079802c3b13
data/noise/runs/C__C_Depolarizing_0005__Fixed-QPPO-128__seed89.json,1492,15e651aa48edfa17fe69f9bc00ef9679e16f1d82402a92f790bb2d3748377062
data/noise/runs/C__C_Depolarizing_0005__Fixed-QPPO-256__seed107.json,1468,bf778f3a8e758b4f4a7a38f20d814e8d63da13c0252e9300f3d73bcabeefb1e8
data/noise/runs/C__C_Depolarizing_0005__Fixed-QPPO-256__seed11.json,1487,5bc9af98d2cb7c4c58781704b436e8c405cb465ac82169b1576bdfea0b327773
data/noise/runs/C__C_Depolarizing_0005__Fixed-QPPO-256__seed131.json,1497,72912fdca8fa4b33e06f25093bf3b48da5f9ea054ed0107cf51f208d9148ed27
data/noise/runs/C__C_Depolarizing_0005__Fixed-QPPO-256__seed157.json,1496,3c783cd97b69dd6e60f78761d1587ecfabc0da61adce209b990140ab761482fc
data/noise/runs/C__C_Depolarizing_0005__Fixed-QPPO-256__seed181.json,1469,e1bdbc6c34383a9b5f2b04a25e2b2c9192b385c1b39fb95718d4cb6babfd0dac
data/noise/runs/C__C_Depolarizing_0005__Fixed-QPPO-256__seed23.json,1487,415584960ebfbd461b92ae7d0eb8f6d02da0c83fcd6ac6ef45b982cfefb4790b
data/noise/runs/C__C_Depolarizing_0005__Fixed-QPPO-256__seed37.json,1462,8e4baf0fb53496a84b2a8b9925081c0dd546a840f3be03bc47a1f68140b28991
data/noise/runs/C__C_Depolarizing_0005__Fixed-QPPO-256__seed53.json,1493,f4741615e77d4633b0203c4e50b56ded3130df7784def6581926ba5ac2a86abf
data/noise/runs/C__C_Depolarizing_0005__Fixed-QPPO-256__seed71.json,1494,84ff28a4f55ccfe4fe76e1b68d6c02f7d2a4f495510920af162eb8d45ea0fbdf
data/noise/runs/C__C_Depolarizing_0005__Fixed-QPPO-256__seed89.json,1491,fc0363a37d1c17f358654bf84a7a5892a37b94bb0ab43d426c463d73529e2bd8
data/noise/runs/C__C_Depolarizing_0005__QTrust-PPO-128__seed107.json,1475,0d1134befc4dfd194fdd16e9885c694f9af3d931dc830bd45ea1c455a5e9c151
data/noise/runs/C__C_Depolarizing_0005__QTrust-PPO-128__seed11.json,1472,e8ad2b9cbfa28f2d747d5cc2c9eba237a191c74fe35b8fcb3cb5429dd82c6ef4
data/noise/runs/C__C_Depolarizing_0005__QTrust-PPO-128__seed131.json,1504,303b55976776214c24a33c89a66d5eb3f82ae999b9e76e76438ca472e1ced3b2
data/noise/runs/C__C_Depolarizing_0005__QTrust-PPO-128__seed157.json,1514,1035ffe06f12172a4eb9f84872b4bc078c9bf719e9e43ba1454ab6718aa7caa8
data/noise/runs/C__C_Depolarizing_0005__QTrust-PPO-128__seed181.json,1517,0d394aae4f85ad8e89b16aefdb839b6f3abfc9d93166f7f0d5efdb490bea5437
data/noise/runs/C__C_Depolarizing_0005__QTrust-PPO-128__seed23.json,1472,06f651d4b9d136d3dd5a630b6bba298679ec8d08cd77d689225f4096222e3cd5
data/noise/runs/C__C_Depolarizing_0005__QTrust-PPO-128__seed37.json,1473,0e0e0c13f86aebb4600e6b8f6accfbad38d849ed4c3daec7b73dac2498c85cbb
data/noise/runs/C__C_Depolarizing_0005__QTrust-PPO-128__seed53.json,1472,8b757141226c0c995915cd05712c30fc383b5883285e43dd7cf9fe9822e715eb
data/noise/runs/C__C_Depolarizing_0005__QTrust-PPO-128__seed71.json,1512,d007d99392d48d0f48b055ae55cea06be6a6b4c108c6ef662860e576e1ac3218
data/noise/runs/C__C_Depolarizing_0005__QTrust-PPO-128__seed89.json,1475,e5d61afed80ac0c94e4644aa5d8f16ab49e01041cea5a8edc433735fce2d64d7
data/noise/runs/C__C_Readout_002__Fixed-QPPO-128__seed107.json,1464,0cd73cd7ddcfb5d05c7a210783815110c1daef91d866a65bfa263044bbdbd4b2
data/noise/runs/C__C_Readout_002__Fixed-QPPO-128__seed11.json,1456,a7b91aadcce8079e94bd3bac44c661fde2378704ff0733ba057c1a51182451c3
data/noise/runs/C__C_Readout_002__Fixed-QPPO-128__seed131.json,1465,470cb916fdb1ec0abdfe286338713f8f80d01485214409dd73ea412a65df08c1
data/noise/runs/C__C_Readout_002__Fixed-QPPO-128__seed157.json,1465,00df8588dfbecfa12bd968ca4be1adbb5cbf7df0289ef7f39692147d5493e546
data/noise/runs/C__C_Readout_002__Fixed-QPPO-128__seed181.json,1434,f82d73a543262803e76e1efec7e933ad1ee580abdd63723e43c341614f2e9a3c
data/noise/runs/C__C_Readout_002__Fixed-QPPO-128__seed23.json,1461,502db2aac6378417190edacb7d38562ce8dafbdf10b29f9fce47ab76fdb6d291
data/noise/runs/C__C_Readout_002__Fixed-QPPO-128__seed37.json,1460,37c243d85ee99d3258a25fba853a0419b8d61cfe48b829e97ffdb9859601f5a7
data/noise/runs/C__C_Readout_002__Fixed-QPPO-128__seed53.json,1462,0d4d914d97600e4d6fa238881a79163d8180e83c68231ce04a91688281d9c3c0
data/noise/runs/C__C_Readout_002__Fixed-QPPO-128__seed71.json,1432,8fb2ffaeb6385266bb212f0b1196ca9479a56d9f4a0c9f04a126c74c3855556a
data/noise/runs/C__C_Readout_002__Fixed-QPPO-128__seed89.json,1458,df6aec24774985d130fe7ac95fdaa3f5776b78cf5d023d207d887abc15fc28ce
data/noise/runs/C__C_Readout_002__Fixed-QPPO-256__seed107.json,1466,6e4aecb01f7ce8cffd083c811929d02c88f4deac535a4d5da013fafd64edb458
data/noise/runs/C__C_Readout_002__Fixed-QPPO-256__seed11.json,1435,b8b79f11e992ad070e65296d95e331e311cd42b0b7a2ce3c4739b5312aa87db9
data/noise/runs/C__C_Readout_002__Fixed-QPPO-256__seed131.json,1465,a95e9987eaa69eb3814ce4a3670a5996e3bab1e18aa0ef1ad13568fae825d84b
data/noise/runs/C__C_Readout_002__Fixed-QPPO-256__seed157.json,1466,1ae919c175248683f5d4e781593057a2a1c78197d42e0f65ed13a01d6a8c194c
data/noise/runs/C__C_Readout_002__Fixed-QPPO-256__seed181.json,1437,d3486f4139c283920cc7eea635d35b639b0495eb66fb5301ffb7ddee460a3fde
data/noise/runs/C__C_Readout_002__Fixed-QPPO-256__seed23.json,1459,5ffac85360927407b0d1d4dc662414bcb86558ccc135b0474e1de938149f8757
data/noise/runs/C__C_Readout_002__Fixed-QPPO-256__seed37.json,1433,8eee6567df6c481205575c1dc43382b114b6115b078cf69d6cae8675a6ee5fb6
data/noise/runs/C__C_Readout_002__Fixed-QPPO-256__seed53.json,1463,df65ca36d1a0214a367122cbd7f261d3b1137144bd63f03ea52246662a6690eb
data/noise/runs/C__C_Readout_002__Fixed-QPPO-256__seed71.json,1434,d92e6ab08a6751781df2bf39a7da0ce449bbb1631a020f09b317e5fe62feeff1
data/noise/runs/C__C_Readout_002__Fixed-QPPO-256__seed89.json,1462,cec51aa17e5faabf158f0010a4472419bf51c9adfe8b4b01985390bbf3a8df84
data/noise/runs/C__C_Readout_002__QTrust-PPO-128__seed107.json,1448,f80619b92c546f0f9114c9edef259286007f0ce2220c96bbb3ddab8c408d5b46
data/noise/runs/C__C_Readout_002__QTrust-PPO-128__seed11.json,1439,790ac1a607eb36c97c4291d36bfdc952ca87da351afe0c4fb9c019b3a75075cb
data/noise/runs/C__C_Readout_002__QTrust-PPO-128__seed131.json,1475,1f515f89b5b5f4075f831883f9f8c3537daab3c55eff4af62d05f82b21e0f036
data/noise/runs/C__C_Readout_002__QTrust-PPO-128__seed157.json,1444,c4b2dff93027a8b8facd4914e52bcb97f1d57db5bce90b1a4293667d83cdb3ae
data/noise/runs/C__C_Readout_002__QTrust-PPO-128__seed181.json,1470,6cc86ad48dd2836f4321032afdca3841df50724a538067bed0d8197b42d6649a
data/noise/runs/C__C_Readout_002__QTrust-PPO-128__seed23.json,1473,507c90e2a3e2c9ba2593af3e19b240f5a71df7cff58d30f66fe193d46a5e7906
data/noise/runs/C__C_Readout_002__QTrust-PPO-128__seed37.json,1469,1aebe5196a27862a613560722a2d30ec11e2b6b8134f95544c6c3667abe9a0a7
data/noise/runs/C__C_Readout_002__QTrust-PPO-128__seed53.json,1443,872c7b4875e17f214e277f4b7f33a5da92a6d2a43798004d58fca4c9b8268ad1
data/noise/runs/C__C_Readout_002__QTrust-PPO-128__seed71.json,1436,141e53d703dc5afcc869e1b76ea62c4e07d2962bccf6fdc6c92c97b10043af95
data/noise/runs/C__C_Readout_002__QTrust-PPO-128__seed89.json,1468,1e0bfd138ce3eef49063912f3da093c23ccf63e359cbb1cbdc12768a272cfc96
data/noise/updates/C__C_Depolarizing_0005__Fixed-QPPO-128__seed107.csv,12360,21b01d8b2986c52db6fea014936c27b99fa551ddcc6dd9aa8e1dd70361c73f6b
data/noise/updates/C__C_Depolarizing_0005__Fixed-QPPO-128__seed11.csv,12409,2b8684021f121c2ae988d54ed25647aeb14bcced395bf2e811f7d9325ca087f5
data/noise/updates/C__C_Depolarizing_0005__Fixed-QPPO-128__seed131.csv,12389,67df89c77088d2137bd2a0f3f7028d17a6bbfcdcfae6d300c2433c31cdd72dbd
data/noise/updates/C__C_Depolarizing_0005__Fixed-QPPO-128__seed157.csv,12387,e4f4245675d1045dc0c21b4a096bfb7166899bbb41ecf19d3d5ccb297279ca60
data/noise/updates/C__C_Depolarizing_0005__Fixed-QPPO-128__seed181.csv,12382,b22394f5fdba50fe9191e9f2d2d225b25ef8c55c3039c7b8d33cc1e3c0fb8c4c
data/noise/updates/C__C_Depolarizing_0005__Fixed-QPPO-128__seed23.csv,12420,c68d98b92642b9fc68bff58a9bea3b9e5eecf7106300985a1ed87e80aad6632f
data/noise/updates/C__C_Depolarizing_0005__Fixed-QPPO-128__seed37.csv,12381,280383936fe078ec2c4f100a72e75f37aa5f6b0af5ed55a83688044ce0f1a7fe
data/noise/updates/C__C_Depolarizing_0005__Fixed-QPPO-128__seed53.csv,12369,08fdeb97fe6f3f29f4252710c52dc4116df96693387cacc0528a6524a64e0f32
data/noise/updates/C__C_Depolarizing_0005__Fixed-QPPO-128__seed71.csv,12358,7d0b5ee2b088991a4a4823f68d5249aea6f575c9cccb1da320ab275acdf25afe
data/noise/updates/C__C_Depolarizing_0005__Fixed-QPPO-128__seed89.csv,12364,b3610589206ebb163af7d1ef51f56d25169ac7dac3377cb000d9f9c13f81d009
data/noise/updates/C__C_Depolarizing_0005__Fixed-QPPO-256__seed107.csv,12420,5a858d9ffda82367e15a93f81baaf0e3af552e6eb2d5f6e2548b75968a4d65c8
data/noise/updates/C__C_Depolarizing_0005__Fixed-QPPO-256__seed11.csv,12443,7f6f4617b314305074c36724da051ac10b8797a0154710da6348ab9e8b2ee89e
data/noise/updates/C__C_Depolarizing_0005__Fixed-QPPO-256__seed131.csv,12405,a8ff9a503dbc2ae4d418da710b8457a71d6b860dbff8c8dec8c79d15725f7623
data/noise/updates/C__C_Depolarizing_0005__Fixed-QPPO-256__seed157.csv,12458,7c187edea5fb60692a2d025a1ce15a997819c557649246a881f28368776a5fe6
data/noise/updates/C__C_Depolarizing_0005__Fixed-QPPO-256__seed181.csv,12437,5763b6548f03daa1d37382ddbf63d4c34defcc7d125fe963f69d19183ec3571e
data/noise/updates/C__C_Depolarizing_0005__Fixed-QPPO-256__seed23.csv,12412,2fe0da513315576dc096994d73a55fd9086be457aa37ddbadf7d679adb8e6584
data/noise/updates/C__C_Depolarizing_0005__Fixed-QPPO-256__seed37.csv,12417,da2a142ebaf40caceabdd1d8406f65275da53b853b1a33c71e75a0521fa769d9
data/noise/updates/C__C_Depolarizing_0005__Fixed-QPPO-256__seed53.csv,12407,682f187025b2f0b105c945568e04e327ddeb71d6edc4aa72cabbe513256e5255
data/noise/updates/C__C_Depolarizing_0005__Fixed-QPPO-256__seed71.csv,12442,87b1783be8390e99327aec90894788c32e8b359d8bc4fb093627e412c4623758
data/noise/updates/C__C_Depolarizing_0005__Fixed-QPPO-256__seed89.csv,12433,cb8da77684c0a94ed00f489d574045c96cdaef443a02cf04de3205f7f4d17830
data/noise/updates/C__C_Depolarizing_0005__QTrust-PPO-128__seed107.csv,13437,a4e2abf06e32a14b07747a56a11e38a36a24731d8b9578774201fb88e5d0e125
data/noise/updates/C__C_Depolarizing_0005__QTrust-PPO-128__seed11.csv,13416,3afe078689bbc627eed4b94571a8d43c9a41bb517610c9d4e45cc0af83a3b6a9
data/noise/updates/C__C_Depolarizing_0005__QTrust-PPO-128__seed131.csv,13439,697df68583f1d4789a5ebaaf4adfe4bf8dcb6289f5e0c89857b7f71355aae96d
data/noise/updates/C__C_Depolarizing_0005__QTrust-PPO-128__seed157.csv,13401,d60c5ee38a4023c4bdab2b230e38d7810298677e23dfc7aa27ee2d18c541a707
data/noise/updates/C__C_Depolarizing_0005__QTrust-PPO-128__seed181.csv,13419,ad3df082550f7f4d82f199831856f2e76d234ed610ae53202ee42f2991251332
data/noise/updates/C__C_Depolarizing_0005__QTrust-PPO-128__seed23.csv,13411,4c680bbd637755b0156fb2bc5ca95e8bbb5ddf8cee3bbdccebde8a5d850f6dcf
data/noise/updates/C__C_Depolarizing_0005__QTrust-PPO-128__seed37.csv,13395,1f01924325f2f8c62a66f60b4a2db0bfc4faf123b0dc20f4cfff61d11b20d568
data/noise/updates/C__C_Depolarizing_0005__QTrust-PPO-128__seed53.csv,13431,e94148a90ce5ae35599dcc08d69516417a7b7059da6778c4b651838aa0a17e6b
data/noise/updates/C__C_Depolarizing_0005__QTrust-PPO-128__seed71.csv,13408,85986c9dd6a2b94eeb36791b00c74c906ebc114e9f1c9940a9c5597022da488f
data/noise/updates/C__C_Depolarizing_0005__QTrust-PPO-128__seed89.csv,13431,a8db2fed4284e6ec5c133994a0a04806607ea148b791a76ff8d6eec7e22e88bc
data/noise/updates/C__C_Readout_002__Fixed-QPPO-128__seed107.csv,12403,0d855839102cd6bdafc7272d5228fd857211532e3985c8563d15cc76f8a86f57
data/noise/updates/C__C_Readout_002__Fixed-QPPO-128__seed11.csv,12421,ca19b27520ffcbbfb4c1f1ba0277cd9d0528e897cfc6074702acc883524fbe86
data/noise/updates/C__C_Readout_002__Fixed-QPPO-128__seed131.csv,12406,337caca40455db2130aea2f19ea29b6ae33dd8a578db30da28c4ae16c94c9bd0
data/noise/updates/C__C_Readout_002__Fixed-QPPO-128__seed157.csv,12380,2e52f33397c7db0a6df5d29835ea6afbb27edfd361e2803e96226ad1544c0be5
data/noise/updates/C__C_Readout_002__Fixed-QPPO-128__seed181.csv,12392,89b0d3fbebe5af7293af9b8a373f6bd1a35d4bd1cd89597adf8713713d82b58f
data/noise/updates/C__C_Readout_002__Fixed-QPPO-128__seed23.csv,12393,e263bd75eaab00ceec2c99087e03255cb7aef5f07bb02a8b09166cc2b994638e
data/noise/updates/C__C_Readout_002__Fixed-QPPO-128__seed37.csv,12353,f6aeb7c166e2bac85e3fb6346a20777c53f072809ddbc4486c0eac147995c5ee
data/noise/updates/C__C_Readout_002__Fixed-QPPO-128__seed53.csv,12355,c132be3bea7055aa9d0d3f152fce427d35f946c3542ab309bdae4f173d54ad14
data/noise/updates/C__C_Readout_002__Fixed-QPPO-128__seed71.csv,12394,1d513533041d0fdc793bcc318f9d679de149c0622126e5a49fb2d753c287acc7
data/noise/updates/C__C_Readout_002__Fixed-QPPO-128__seed89.csv,12371,10c234518ecbb7a95c6b3f839add6bfe94b440b7e0507c2e90e475c196bed03e
data/noise/updates/C__C_Readout_002__Fixed-QPPO-256__seed107.csv,12430,c0ca58cc11bffb94a7dd6729edd7b65a16310da5a60c1ce4213aa601546c422d
data/noise/updates/C__C_Readout_002__Fixed-QPPO-256__seed11.csv,12454,f3afd8960c8dd747631b2863523cd460dae6ab2c48f82a19fb59d6e50c680f23
data/noise/updates/C__C_Readout_002__Fixed-QPPO-256__seed131.csv,12443,0d5e5e84548e0daa7f85aaf5b13e842c9baa3802c38297dd26911b0dcc087ac3
data/noise/updates/C__C_Readout_002__Fixed-QPPO-256__seed157.csv,12448,63ec5c50018323017a840f2b97c6cf61d18f9f1d28ab8740414e51aaf38f6f73
data/noise/updates/C__C_Readout_002__Fixed-QPPO-256__seed181.csv,12425,b82c5c67402ddec1d764e9a5c7dabaa473fa2cce3b1d2a8f92a6d6ddbdd17b1a
data/noise/updates/C__C_Readout_002__Fixed-QPPO-256__seed23.csv,12462,0d45ec92ff1c03b7ab2808ebca75152b9f190b0d082fc106ed60689606db8643
data/noise/updates/C__C_Readout_002__Fixed-QPPO-256__seed37.csv,12439,c684266a37378d5a0f15250b3c39eba51fbb70bb7a63a067f70c5334170ced07
data/noise/updates/C__C_Readout_002__Fixed-QPPO-256__seed53.csv,12406,40a824f1b02fb0497647f6a43c28bf516310b8468cfecfa3356646b2744e40d4
data/noise/updates/C__C_Readout_002__Fixed-QPPO-256__seed71.csv,12431,5daf7db51cdd6d4d14d32ff22c7039d02e825cabc2b0c5a0439e7383feacdbff
data/noise/updates/C__C_Readout_002__Fixed-QPPO-256__seed89.csv,12444,ff96e3d968fc3e47bb1944d56b78a9cd3b1f1e65a12b246dd4a872a123a28e28
data/noise/updates/C__C_Readout_002__QTrust-PPO-128__seed107.csv,13447,e28a7c2a5ed366daffe73eff93840dfaa07f72fbe03b029c5683f8c8b40b5f1c
data/noise/updates/C__C_Readout_002__QTrust-PPO-128__seed11.csv,13444,267023b9ed67a8de8452bc7e3861c4738de1e143e8ad7bf07837726d233f3bdb
data/noise/updates/C__C_Readout_002__QTrust-PPO-128__seed131.csv,13439,e6ed94c2c724727633e5c169f9c0eeba86c7b90d72ee857631dc9ddb9135f2c7
data/noise/updates/C__C_Readout_002__QTrust-PPO-128__seed157.csv,13430,62ad4f19f1f263b796110c2ce993ab3823d08a393a9f459375957d930aa2de0b
data/noise/updates/C__C_Readout_002__QTrust-PPO-128__seed181.csv,13429,a4893598c027e53ed5fa6bb2f1c27da4a66cc8597ad39cdf4b735d5d86725ed2
data/noise/updates/C__C_Readout_002__QTrust-PPO-128__seed23.csv,13415,e164e5bb993aada15f53436859f5d94e03deb92a00d63b74eb83ba0a6863d72e
data/noise/updates/C__C_Readout_002__QTrust-PPO-128__seed37.csv,13415,0b5a2eb9e72f7cf9a548ba1ff16d27e1ff670061eb3ed541163b9ddc9d2ad030
data/noise/updates/C__C_Readout_002__QTrust-PPO-128__seed53.csv,13437,b60bd3020dbf2b4b5e090d6d83d745f22ee0fb94b2802de62abbb000372672f8
data/noise/updates/C__C_Readout_002__QTrust-PPO-128__seed71.csv,13410,7ee77c3c76a5c61be4c94708b67793333c9a69e81298eaa572976afe2eff917d
data/noise/updates/C__C_Readout_002__QTrust-PPO-128__seed89.csv,13426,53dc2d848f2097c43a836e016d0e2d871fff14e9540adc60ba4c4158eed6726b
data/primary/all_completed_runs.csv,43578,f62320b513f5ad7fd30a80463d1b169533e936b1c232e0a06553d9015071c0a9
data/primary/all_completed_runs_verified.csv,43578,f62320b513f5ad7fd30a80463d1b169533e936b1c232e0a06553d9015071c0a9
data/primary/environment_metadata.json,376,ab608f99a0cd4a2f397c6d2a7300a874ece195e09ff82256299f2c3675148a8c
data/primary/evaluations/Acrobot-v1__Classical-PPO__seed107.csv,611,765f6730ae7cadcddde47656282be6f1d0c9a9d32649f6084891a2c6c87ff6ed
data/primary/evaluations/Acrobot-v1__Classical-PPO__seed11.csv,647,76033f9d695fcda05861dcf64d50600a52502c4aa4b5654bdaa5811eccc87708
data/primary/evaluations/Acrobot-v1__Classical-PPO__seed131.csv,647,1643011aed36a06c8b79de86857638ffc4f3d10c136b2540113df425e5308ef7
data/primary/evaluations/Acrobot-v1__Classical-PPO__seed157.csv,647,b9ca9b6b5fec0aee27c6f3afd0d0b26427493ee524142b5831f1ed0bb3b131a4
data/primary/evaluations/Acrobot-v1__Classical-PPO__seed181.csv,647,d016906f51280f010672d4f7ad0e4cf63362de70b616c25d164bc016a6c70cae
data/primary/evaluations/Acrobot-v1__Classical-PPO__seed23.csv,647,06537b43507018a119cf1dbe83d71c1592237b8224a50cfb89373fa3a89e7cae
data/primary/evaluations/Acrobot-v1__Classical-PPO__seed37.csv,647,796be4e562b5b5987f9f9498344097e42e5974520df850694f405957cf360962
data/primary/evaluations/Acrobot-v1__Classical-PPO__seed53.csv,647,45a32ae789dcadeb37be81c926d4c713bd1874b02237d5027bf865813cd265f1
data/primary/evaluations/Acrobot-v1__Classical-PPO__seed71.csv,647,c9aec1c0796d36fc6e076ba1d128c94c834dca2803209ff2f55c4e13aa81beb6
data/primary/evaluations/Acrobot-v1__Classical-PPO__seed89.csv,647,6c1f2f91070dc3a437cca222dc58f5b69ec48d4c93259abf581ecdbb49bec92a
data/primary/evaluations/Acrobot-v1__Fixed-QPPO-128__seed107.csv,839,5711121e2c3c002ce29eaab7ace462f597c88c29d1067538cf60b407893e8795
data/primary/evaluations/Acrobot-v1__Fixed-QPPO-128__seed11.csv,839,3fa4fb79608e87617ec8fee34664cd2ab783590feaab87d3efe85a19157895ca
data/primary/evaluations/Acrobot-v1__Fixed-QPPO-128__seed131.csv,839,4e7af5f6594a56f96de6d9b28171835b6daaaf29dd2af15ff1954d2c44c4bddb
data/primary/evaluations/Acrobot-v1__Fixed-QPPO-128__seed157.csv,839,eb47657fe5f10013d2bb460eea39abc336abce6584286dbf72e1073435cce831
data/primary/evaluations/Acrobot-v1__Fixed-QPPO-128__seed181.csv,839,903e52197f389018eec1448b2e1070dad3681b0552331719c8eb3cdef73c7f26
data/primary/evaluations/Acrobot-v1__Fixed-QPPO-128__seed23.csv,839,15a861419e69d9bf6d9fadb372311846e9f0a6dd6cd60f7900784c6797b15ca5
data/primary/evaluations/Acrobot-v1__Fixed-QPPO-128__seed37.csv,839,0c9cc7e3f8600459d8bf7cf97927198fde526e688ad5dcf22c837dcab56ff06e
data/primary/evaluations/Acrobot-v1__Fixed-QPPO-128__seed53.csv,839,77c1f108d771d298ccc65d29655920f2e2e82d01a53bb4eb373a967b2aefd342
data/primary/evaluations/Acrobot-v1__Fixed-QPPO-128__seed71.csv,839,38d82602f5282c8724ffcad4553a6a81c9fcf65faa399da3a3b45fbcc9eab338
data/primary/evaluations/Acrobot-v1__Fixed-QPPO-128__seed89.csv,839,ce6ff06ce28452d42b43108f5e611ed5a95d0692fcb657b45dfd022aced5d952
data/primary/evaluations/Acrobot-v1__Fixed-QPPO-256__seed107.csv,869,8e650437b1a4252bceec00705bf7bfc20a994f293c4d6646210a6eff57338a91
data/primary/evaluations/Acrobot-v1__Fixed-QPPO-256__seed11.csv,869,eeaf538dd4c9705a3582c2dfd22af24b13bbc51217790f3d2b18a1109ba84a05
data/primary/evaluations/Acrobot-v1__Fixed-QPPO-256__seed131.csv,869,605853b1a22df0d27d30634201d5261a792f0fbeed11fe994edca1a7805eb662
data/primary/evaluations/Acrobot-v1__Fixed-QPPO-256__seed157.csv,869,41b7611ca94af9bc426c27c95dc86286a6e15ecfc016b6441b12e8b0bebd8120
data/primary/evaluations/Acrobot-v1__Fixed-QPPO-256__seed181.csv,869,aa75492f9c112e2e7e2a3d0dbe5e2bc7c492c306055c6975aef39cd1a451ca05
data/primary/evaluations/Acrobot-v1__Fixed-QPPO-256__seed23.csv,869,3d23b9eda6478166b0ed006233371c1123a38ae1a8370492647b41b547924aa2
data/primary/evaluations/Acrobot-v1__Fixed-QPPO-256__seed37.csv,869,be28c01175d00db378af8750268f2b5c1f02fbb4274fdf15b12b5e4b314f9d39
data/primary/evaluations/Acrobot-v1__Fixed-QPPO-256__seed53.csv,869,026321f5b45b2d25cfa193e11fd1e5353b730b1b29e997e77c0ec9dff970f293
data/primary/evaluations/Acrobot-v1__Fixed-QPPO-256__seed71.csv,869,b3f8bdc557423a437b8eb7a1d7a34a0c543012e38202896ece59f48ef129b065
data/primary/evaluations/Acrobot-v1__Fixed-QPPO-256__seed89.csv,869,fb8d33bc1015a08f63e78ff1731d449328e7aa7955fdebae2d25142995314118
data/primary/evaluations/Acrobot-v1__QTrust-PPO-128__seed107.csv,839,5711121e2c3c002ce29eaab7ace462f597c88c29d1067538cf60b407893e8795
data/primary/evaluations/Acrobot-v1__QTrust-PPO-128__seed11.csv,839,3fa4fb79608e87617ec8fee34664cd2ab783590feaab87d3efe85a19157895ca
data/primary/evaluations/Acrobot-v1__QTrust-PPO-128__seed131.csv,839,4e7af5f6594a56f96de6d9b28171835b6daaaf29dd2af15ff1954d2c44c4bddb
data/primary/evaluations/Acrobot-v1__QTrust-PPO-128__seed157.csv,839,eb47657fe5f10013d2bb460eea39abc336abce6584286dbf72e1073435cce831
data/primary/evaluations/Acrobot-v1__QTrust-PPO-128__seed181.csv,839,903e52197f389018eec1448b2e1070dad3681b0552331719c8eb3cdef73c7f26
data/primary/evaluations/Acrobot-v1__QTrust-PPO-128__seed23.csv,839,15a861419e69d9bf6d9fadb372311846e9f0a6dd6cd60f7900784c6797b15ca5
data/primary/evaluations/Acrobot-v1__QTrust-PPO-128__seed37.csv,839,0c9cc7e3f8600459d8bf7cf97927198fde526e688ad5dcf22c837dcab56ff06e
data/primary/evaluations/Acrobot-v1__QTrust-PPO-128__seed53.csv,839,77c1f108d771d298ccc65d29655920f2e2e82d01a53bb4eb373a967b2aefd342
data/primary/evaluations/Acrobot-v1__QTrust-PPO-128__seed71.csv,839,38d82602f5282c8724ffcad4553a6a81c9fcf65faa399da3a3b45fbcc9eab338
data/primary/evaluations/Acrobot-v1__QTrust-PPO-128__seed89.csv,839,ce6ff06ce28452d42b43108f5e611ed5a95d0692fcb657b45dfd022aced5d952
data/primary/evaluations/CartPole-v1__Classical-PPO__seed107.csv,557,0860df428c28169ee6f238ef526c40715c525411876abd21b2e5c86c465b0788
data/primary/evaluations/CartPole-v1__Classical-PPO__seed11.csv,557,e3c4a55013ca40f47f7b7a740308a1615e89f1421e540b8502006aa4facba131
data/primary/evaluations/CartPole-v1__Classical-PPO__seed131.csv,557,afca86d59dd335e280060f262a2390f836f2c654f9f974e7ea8bf69d50242d29
data/primary/evaluations/CartPole-v1__Classical-PPO__seed157.csv,557,41ebaf1e805a3f3dec12ab22d10031df0897a031b62fba776ca05b96a73b3e95
data/primary/evaluations/CartPole-v1__Classical-PPO__seed181.csv,557,7bbbc5b0beb9a23dfac96398c04f3af19b940a0fc7b0c4f240bcf8427187ffeb
data/primary/evaluations/CartPole-v1__Classical-PPO__seed23.csv,583,f8ce5338431c21a7fc8afb6188b4313b231e0767c67257c04b390241c71c570f
data/primary/evaluations/CartPole-v1__Classical-PPO__seed37.csv,557,a0f2e1781eb7cf7a6da9f110143fa79829bb610a1e679447e41efdcae7e944d5
data/primary/evaluations/CartPole-v1__Classical-PPO__seed53.csv,557,2592bf4da8f9e012b359374551cc233185a403fb40a72e8fa859452f5de2247f
data/primary/evaluations/CartPole-v1__Classical-PPO__seed71.csv,565,08d0c88fc60283f2f41a4eed44514303cf9093b1e06b0184046be5e17ca6ac2a
data/primary/evaluations/CartPole-v1__Classical-PPO__seed89.csv,559,09f20167915cf0970a7ce130884ae952d709c72b7c42b2147a865175bc1d4f60
data/primary/evaluations/CartPole-v1__Fixed-QPPO-128__seed107.csv,715,ba3df40d7a6ff5a78c6d245fcc3d16cb53bd84c797ec7d52d585954959366c3b
data/primary/evaluations/CartPole-v1__Fixed-QPPO-128__seed11.csv,707,48dfecdf64f2af655241d3bf6896b189c3bad3f601b1eb084edbbd477d357fae
data/primary/evaluations/CartPole-v1__Fixed-QPPO-128__seed131.csv,711,d649cb0d3ded890c1dae0ca4c7f7ddb59a48a623c00cf3da02fc6ef7f75d93bb
data/primary/evaluations/CartPole-v1__Fixed-QPPO-128__seed157.csv,713,d1f6b8ab5da487b44a98a6117d4fbf08fd15314536488f2f15f2ed6214784391
data/primary/evaluations/CartPole-v1__Fixed-QPPO-128__seed181.csv,707,673e6cbee971e12bef423515839b7ea1a765af548266e984ec566decb3c0b10e
data/primary/evaluations/CartPole-v1__Fixed-QPPO-128__seed23.csv,713,d534bd0894a97f3fe9067e345f26f310ee27c40d8988a745e68b5f7e9b6c3504
data/primary/evaluations/CartPole-v1__Fixed-QPPO-128__seed37.csv,711,ccd2cb9089540848fbbf8deeb3d55b14d3e5189370f7a41b0cb3502cd391b90b
data/primary/evaluations/CartPole-v1__Fixed-QPPO-128__seed53.csv,713,ea3229d239c0c517b73ee6be900ece9a35c44598ce439cd3c1228b708b2f68e8
data/primary/evaluations/CartPole-v1__Fixed-QPPO-128__seed71.csv,717,52c477c5c887700eef79eb939dc107a1e4a506676a539d848f9c7c167b882e15
data/primary/evaluations/CartPole-v1__Fixed-QPPO-128__seed89.csv,715,6449285ef36b803e0ac9c89f5e2799931d7c3bfa0e3254ac1010e454f8a173b6
data/primary/evaluations/CartPole-v1__Fixed-QPPO-256__seed107.csv,707,3f047b27ce2af200c5a75d969ff069dc4502e7cd9bbcb2aaecbdb0123a16d8ef
data/primary/evaluations/CartPole-v1__Fixed-QPPO-256__seed11.csv,703,94aafb572c9e022558ac0bcabbaefc8d1e515930450d6932877549195eb0e3bc
data/primary/evaluations/CartPole-v1__Fixed-QPPO-256__seed131.csv,703,a5d691004fda4462546c145a427b40fe523d5fcf33629f95257dbabdc78daeec
data/primary/evaluations/CartPole-v1__Fixed-QPPO-256__seed157.csv,717,6094c8be7d31bffc1db01e150be1798ef12503598af935f38d1fe9f363eb6152
data/primary/evaluations/CartPole-v1__Fixed-QPPO-256__seed181.csv,710,7406ac20e4932afeaa129f9f2db4e881adf3611bde911af683414d2dc937d343
data/primary/evaluations/CartPole-v1__Fixed-QPPO-256__seed23.csv,713,3183f748101e1d310fcb29dd2d255aad7ba0d0c072114a9895cd1a75d94f18a8
data/primary/evaluations/CartPole-v1__Fixed-QPPO-256__seed37.csv,709,c6773dca9b44f2ce3759b8855a06bae7153a74d1c33768e851ba9eb613b1aa7f
data/primary/evaluations/CartPole-v1__Fixed-QPPO-256__seed53.csv,718,2b542b8f3e90e5bb54c82cb4ec2b78bc645de50e91876c2b4a4420c57d346000
data/primary/evaluations/CartPole-v1__Fixed-QPPO-256__seed71.csv,714,88e9dced8cdbb6c55d39cb46ce3598c2e0fd21c8051270da1b97ddec3843bf7f
data/primary/evaluations/CartPole-v1__Fixed-QPPO-256__seed89.csv,715,9598bae0efa4e91777f9ad66a2a611bac892eb9b2c46f1045156809b212a8a8d
data/primary/evaluations/CartPole-v1__QTrust-PPO-128__seed107.csv,711,bc32a680d1bb2474781af3bb93e9d354f19adc8e04b3cec9566dab0faa5a7cf7
data/primary/evaluations/CartPole-v1__QTrust-PPO-128__seed11.csv,703,611de488636d37980253374525c6c256efb15910cd41d8972bf72cae676c7921
data/primary/evaluations/CartPole-v1__QTrust-PPO-128__seed131.csv,713,844db0d8dfbdc6701d49f9dd11ada1cafe8e44f5b9460ca9d0f879cf1ba5cccc
data/primary/evaluations/CartPole-v1__QTrust-PPO-128__seed157.csv,719,c119d23aa7449945860aa90f833f2e7d8ba4158ab2c87e34e912fe500466b164
data/primary/evaluations/CartPole-v1__QTrust-PPO-128__seed181.csv,715,02b8ef6c56b9b34ef664425da4f81a0a79a1da743f1b1b621a8bfce7b9919ec7
data/primary/evaluations/CartPole-v1__QTrust-PPO-128__seed23.csv,713,14b95c631a2202db0303ec8b568e403c1a44ed32bf8c06d0e0aa93b6fee3bec9
data/primary/evaluations/CartPole-v1__QTrust-PPO-128__seed37.csv,709,e37a44609ddc7540a8cf6b00d52751f08b7541721a154827323a015ad42fa7f9
data/primary/evaluations/CartPole-v1__QTrust-PPO-128__seed53.csv,717,b169ba2d6d9b1ddc860ecff145508cd117aa63f2d92ea4e702ca502a13ad11e2
data/primary/evaluations/CartPole-v1__QTrust-PPO-128__seed71.csv,713,0c1218f7de2c436e55b51a63b9d4076e4c8c3cdaebf4d6d7090054919ffcffa7
data/primary/evaluations/CartPole-v1__QTrust-PPO-128__seed89.csv,715,dd72e7fc6baac793bed4e4466be8f411e3b8c7c561953593e5c5653e1587b442
data/primary/evaluations/LunarLander-v3__Classical-PPO__seed107.csv,995,b75b4a9d4566c9fa5bc85561d0e75c524d6e69b4981c872c16b15c9101452d06
data/primary/evaluations/LunarLander-v3__Classical-PPO__seed11.csv,1000,12579b124c73356b20c7b7938b7eacd366eabbea752b4c847f8355b1a958f6b2
data/primary/evaluations/LunarLander-v3__Classical-PPO__seed131.csv,996,2b77371c55f73827d4aa34b1410757873a95d0d3f5b123acd5cd7c921d837346
data/primary/evaluations/LunarLander-v3__Classical-PPO__seed157.csv,1009,436f3928a33297ec6d519694918098033504a2d53ce9a356448ce0027721e7c5
data/primary/evaluations/LunarLander-v3__Classical-PPO__seed181.csv,1002,485e7d27d622241c4975f1370805500de0f266c7434fa58773eda60a88f262de
data/primary/evaluations/LunarLander-v3__Classical-PPO__seed23.csv,1000,59b9963d742ccf80f3bf14989f3a75b68c55002f76b88dbd711d71a26a3201e2
data/primary/evaluations/LunarLander-v3__Classical-PPO__seed37.csv,998,760289e955b397390efb01cd4129d4e3ffd65bfcc59b648f3e23e34d30c6f15a
data/primary/evaluations/LunarLander-v3__Classical-PPO__seed53.csv,989,9a795edf8f764c7a7fb14ea9887cc8b41bbc9da2c02671852b9ea98673b6a9c3
data/primary/evaluations/LunarLander-v3__Classical-PPO__seed71.csv,1000,3642822764da27b28723f69016088f4a9673bc008a334e93ab7858aa86748e50
data/primary/evaluations/LunarLander-v3__Classical-PPO__seed89.csv,1004,08fefed6cc3d650dc903a6c440d03c92633a42d3f7439854ab04b73a17e93482
data/primary/evaluations/LunarLander-v3__Fixed-QPPO-128__seed107.csv,1166,2dc7956ff8613a1d750992f218299f3ccfd5e5c256514b9895352166a55d5c41
data/primary/evaluations/LunarLander-v3__Fixed-QPPO-128__seed11.csv,1169,b52ed69b9a1fd572396de3d280dfc2cc8d72f61e1c81a58f62581c20c4011481
data/primary/evaluations/LunarLander-v3__Fixed-QPPO-128__seed131.csv,1176,fe304339cf190d11f02f531f8f3130a9f61c04dfc49a842b36496042dbedc231
data/primary/evaluations/LunarLander-v3__Fixed-QPPO-128__seed157.csv,1183,b7249ce22519eec6faa1699b5a8e3a16cff2ee42fd8d23c723cb938e69762fe4
data/primary/evaluations/LunarLander-v3__Fixed-QPPO-128__seed181.csv,1173,e55008f108f3de0750fe22a1f47263236ec2c5cb009e0ae6d8aeb4d831582f59
data/primary/evaluations/LunarLander-v3__Fixed-QPPO-128__seed23.csv,1182,73ae662bf34b5e91a6694a3a57f0ed1d848c282880f6750cae2a0b5571ea0133
data/primary/evaluations/LunarLander-v3__Fixed-QPPO-128__seed37.csv,1174,b33b9dd8b63edfc60afece7b86098e4fbc5d091b2d1b0d3264b4094157d6966f
data/primary/evaluations/LunarLander-v3__Fixed-QPPO-128__seed53.csv,1180,6dfb6dd528597dac62f14ca2c0e720318dd1678a93465cb75536cec557c385cb
data/primary/evaluations/LunarLander-v3__Fixed-QPPO-128__seed71.csv,1171,28907b4bc96907688454dd30a1e30db4af82f468bf563f7620c4dd5c266bc58c
data/primary/evaluations/LunarLander-v3__Fixed-QPPO-128__seed89.csv,1175,ffcd502c246e0ef1b0471d4b96649b5e9446d78f50407e0e5526fc96386dd0e4
data/primary/evaluations/LunarLander-v3__Fixed-QPPO-256__seed107.csv,1177,950b4e711d605165827e69e95fb649be59bd0348e817c13263e2d3b41ae22907
data/primary/evaluations/LunarLander-v3__Fixed-QPPO-256__seed11.csv,1198,46b1f4fd1063b4cbb0a1a0c701e90a7da984e3062bbd91cb701bce28d32a5bf3
data/primary/evaluations/LunarLander-v3__Fixed-QPPO-256__seed131.csv,1192,ffef9df32f540b1a065a11558632db5be3cf4bf6192f0dbbc060a67f6d4ce18d
data/primary/evaluations/LunarLander-v3__Fixed-QPPO-256__seed157.csv,1193,fd367387f71a77612f6316c6481f4a23da8d652c40a0a0b3adeaf9ac60ce949c
data/primary/evaluations/LunarLander-v3__Fixed-QPPO-256__seed181.csv,1180,fea7c86076f83b36f834f910bbcbe279942e041204745e69ba1394dacd8b774e
data/primary/evaluations/LunarLander-v3__Fixed-QPPO-256__seed23.csv,1183,570589b698c2379418592d770a0af384d43609246201c76f5336ab3c81f5edbf
data/primary/evaluations/LunarLander-v3__Fixed-QPPO-256__seed37.csv,1189,1b6a7cb617cff900081e2110321861fb4b260e380e18d91ca7abec41e77227e8
data/primary/evaluations/LunarLander-v3__Fixed-QPPO-256__seed53.csv,1191,869cf2b2b4f07a86de8a911314135f99bce21ec610e27957b1df34a35adabe67
data/primary/evaluations/LunarLander-v3__Fixed-QPPO-256__seed71.csv,1181,4bee36f0b555ca69bfb8e4f0a1e0921e9b945e887324493db0c8b96c84419806
data/primary/evaluations/LunarLander-v3__Fixed-QPPO-256__seed89.csv,1187,44952683839180dfa1987e46957f4cc48af89ab5e45807ce6e9b25f37303c4e1
data/primary/evaluations/LunarLander-v3__QTrust-PPO-128__seed107.csv,1162,97a2e5c065d352b08f291b431d86c3f2f347d2116dbb086355b44d5e5509f91a
data/primary/evaluations/LunarLander-v3__QTrust-PPO-128__seed11.csv,1177,3671473748c55054d91f39a7e5dc9c433c2188c5b4511af0042cfad996ccfd0a
data/primary/evaluations/LunarLander-v3__QTrust-PPO-128__seed131.csv,1179,26f75d5bcbcd1914c1c0c423e42783f8715c78ecf7918225cd225a172c09f8d0
data/primary/evaluations/LunarLander-v3__QTrust-PPO-128__seed157.csv,1186,049f02c6f070b0120aaaec0a698b3deec522daf3d696b2c35d85aff34570c3d3
data/primary/evaluations/LunarLander-v3__QTrust-PPO-128__seed181.csv,1170,b4ba6682c76099f023c2bded045513c9ba3804c4f86e33b504e0c5879f967cab
data/primary/evaluations/LunarLander-v3__QTrust-PPO-128__seed23.csv,1180,50acaedbaba56704f545fcf739367d9c60816e5f6b80589725fff10f146b7a48
data/primary/evaluations/LunarLander-v3__QTrust-PPO-128__seed37.csv,1171,d4436a5225bbebe015b08396aed6050229ee94251403c8b871e7f7e6654498b3
data/primary/evaluations/LunarLander-v3__QTrust-PPO-128__seed53.csv,1181,b95f0eb085e4286e65249fc4ecf5c1a927543090c0d07e8a67fbda25b20419be
data/primary/evaluations/LunarLander-v3__QTrust-PPO-128__seed71.csv,1169,ea4cc46f5e487be39c275fee754a52ee465f0afe4f79c588b2f2e06aed6cf5ff
data/primary/evaluations/LunarLander-v3__QTrust-PPO-128__seed89.csv,1164,60f536ef5a4781ed2ea61b9ffee333bcd59d8a371ce70deabd81a83af6cc2ed0
data/primary/experiment_manifest.csv,12911,5f5e360d297119263ed20756c5e2a7ca50254ceffafcf994b841d6abd60a7986
data/primary/frozen_protocol.json,1802,6393a493df6096a727a3731592f56b8ff2c3392814249cc0062a2c0b8fad1fc7
data/primary/qtrust_boundary_reliability.csv,830,1eb0f70cb928d7b6b73a4d9e31a1e8776379e23b2c2dbb193c31a7962af321a1
data/primary/summaries/Acrobot-v1__Classical-PPO__seed107.json,1149,ca2ba244802dc89df82578ada1fa95a55689c97a050320ba99700d96e3058802
data/primary/summaries/Acrobot-v1__Classical-PPO__seed11.json,1084,c272c06f9a518396bdd6dfb095fcbd9a07267e32f09bb7ac2ed17db3419e9df8
data/primary/summaries/Acrobot-v1__Classical-PPO__seed131.json,1085,162c787daf8ec8a7567290054f1296b29e0e69627fbd723b6ca54da85693578e
data/primary/summaries/Acrobot-v1__Classical-PPO__seed157.json,1087,3a3e4918f56a3b118911adb1ecf4b737c2a7bf9c0e6821a1f10e9c3b869ee32c
data/primary/summaries/Acrobot-v1__Classical-PPO__seed181.json,1152,ca3867822603c118158ee5feebead8e9a6ec6769eb71d26deeb6818d085917c6
data/primary/summaries/Acrobot-v1__Classical-PPO__seed23.json,1084,f2823cbda8782a56f0e0c46b90717708025df4b169dd94944bde3bc1a41da5db
data/primary/summaries/Acrobot-v1__Classical-PPO__seed37.json,1084,e2945ad0953680d41a8832f5dd0a0061304bc60d4d7fcdc0e26bc3b3f8eb1951
data/primary/summaries/Acrobot-v1__Classical-PPO__seed53.json,1133,9b00d7011c1c468adac37bcddc53e401026a945af429b0d2cf4c74b13c70a842
data/primary/summaries/Acrobot-v1__Classical-PPO__seed71.json,1083,7ff4bee767bf7c9847b8ea1110da89e0f148d120e45cdcd28c16f302d88ee9b1
data/primary/summaries/Acrobot-v1__Classical-PPO__seed89.json,1085,b19c539ecd811f7d3ac3ba42fa3fdb51f4f81b434e2a47e4ac1cf8b4262468c7
data/primary/summaries/Acrobot-v1__Fixed-QPPO-128__seed107.json,1127,fa866a05f2628093fbf04db3dc86527a7e6c6e78eb25a69347e51a30407b759c
data/primary/summaries/Acrobot-v1__Fixed-QPPO-128__seed11.json,1120,b90e086f8866e0b9e13a04d767257ea9466748ea8aaa1a2bb4b8b134685e9b27
data/primary/summaries/Acrobot-v1__Fixed-QPPO-128__seed131.json,1128,3b3147569dd90b2f0cf0f2436cc0667d3c4aaa752683a4f3113ba13c59770264
data/primary/summaries/Acrobot-v1__Fixed-QPPO-128__seed157.json,1125,04cad318385fcb2a13800d6443696bbbb7208977106158a02a64d62d8849e967
data/primary/summaries/Acrobot-v1__Fixed-QPPO-128__seed181.json,1128,4b12eddd07aec7167a0af99507d2103d44e1e86d6f7f3d3b1c73f54ba3623869
data/primary/summaries/Acrobot-v1__Fixed-QPPO-128__seed23.json,1126,58a53d3db4960b361791618823e878c9dc96f7a87743fede6c3a67fc4851dd91
data/primary/summaries/Acrobot-v1__Fixed-QPPO-128__seed37.json,1118,6b05fc6e5f3d7c4bb028b7e8395771bcc35d9f4af8bf764269b9009cba28ef5b
data/primary/summaries/Acrobot-v1__Fixed-QPPO-128__seed53.json,1123,e183dd6bf85d128b092cb7b903f04d51590b056cfb503c1ce869fa0953d27f89
data/primary/summaries/Acrobot-v1__Fixed-QPPO-128__seed71.json,1123,b843c8ab50b96667ca9eab8cdde4eb39a236b67f82f28943e5f07b9c0a21b7c9
data/primary/summaries/Acrobot-v1__Fixed-QPPO-128__seed89.json,1125,847fc63bf9a16251238e35108dad07322605e0a54122735c4f47965691be1822
data/primary/summaries/Acrobot-v1__Fixed-QPPO-256__seed107.json,1126,2cdab1ea48d521802b6a96c7beef940e30b32c283190acaeb9aceeacd2f96f75
data/primary/summaries/Acrobot-v1__Fixed-QPPO-256__seed11.json,1125,3cb13d0b049809f2db6562719778856f4cea043a5401d2c2f80a5021e34939b9
data/primary/summaries/Acrobot-v1__Fixed-QPPO-256__seed131.json,1127,d507683d142227e8209140daa0af7d6ff11981a8206039c9233d59621cb44a7b
data/primary/summaries/Acrobot-v1__Fixed-QPPO-256__seed157.json,1128,bb0c517e98a769e9cf2e94ec487491df5c65af82c8ab238de5685c504f2d2392
data/primary/summaries/Acrobot-v1__Fixed-QPPO-256__seed181.json,1130,9b70e799036408e56bd7413f82362faad2f31c961f2da6b99dbfc5de0c2be6b3
data/primary/summaries/Acrobot-v1__Fixed-QPPO-256__seed23.json,1127,2d3550c5fea817eac5bd7dc9388fb5700a067c482cbeae1e61e5d0abc427a4ab
data/primary/summaries/Acrobot-v1__Fixed-QPPO-256__seed37.json,1121,504a1178756563d199e83a88d34d819e903750b9b91accb81a26844616635cb9
data/primary/summaries/Acrobot-v1__Fixed-QPPO-256__seed53.json,1122,3f3c1149876fb59ed2d9874abd06da32f81e8ddc91da7949794472ffaa91c23a
data/primary/summaries/Acrobot-v1__Fixed-QPPO-256__seed71.json,1126,a692847c2020d3e134c3baee8f876f489e5091465b4785552a3a6f229f9707e1
data/primary/summaries/Acrobot-v1__Fixed-QPPO-256__seed89.json,1122,7f7cbf520ebf7daa77a575253dab9b6082fa7e80615a4635472d25d2117a577c
data/primary/summaries/Acrobot-v1__QTrust-PPO-128__seed107.json,1149,391ca6559a43ca1399d4a6fa774918fd7380ce800326092df72786e5b8b80d1f
data/primary/summaries/Acrobot-v1__QTrust-PPO-128__seed11.json,1151,d92ebaa36503cde10c2a371384fa25eecb9b0851e7103f3e3d3169a23e51173f
data/primary/summaries/Acrobot-v1__QTrust-PPO-128__seed131.json,1148,3d3d75ced7e8397558d6c568650eded1eb68fe082abce29ea9b0c97afc3cefab
data/primary/summaries/Acrobot-v1__QTrust-PPO-128__seed157.json,1142,48464ad2e898510e620357d6ecacb175a0a44aefbeab5d5dfe1e48f4765ffca7
data/primary/summaries/Acrobot-v1__QTrust-PPO-128__seed181.json,1153,8f891f1ac93436495574b223849be947a35d7ab10e80f5e97310af23e4678d31
data/primary/summaries/Acrobot-v1__QTrust-PPO-128__seed23.json,1138,249672164d4384001cafe7bfcb4e065b7d73caaf3e752fbcd3ca71e1cfcd2122
data/primary/summaries/Acrobot-v1__QTrust-PPO-128__seed37.json,1146,b77a0a41f71c888ff0e6e3c04f611ffd6f39eb7fd1ebbb801144f305b5f8e64e
data/primary/summaries/Acrobot-v1__QTrust-PPO-128__seed53.json,1150,dc34d293392b9f04090cc4411659120c1ecba6c2eceada3307638258d6a6397e
data/primary/summaries/Acrobot-v1__QTrust-PPO-128__seed71.json,1150,c81e3d513ce6cd6f9f2c39398089a0025f69618d397781ed655a607c67d786bd
data/primary/summaries/Acrobot-v1__QTrust-PPO-128__seed89.json,1150,81bdb01dc12c88792a3f1451bec9d75dd628e9097ecfe0b26579e473bed1da2c
data/primary/summaries/CartPole-v1__Classical-PPO__seed107.json,1144,7070650d795d51d2a116b2e83e1ee5006383efaae592dab685e291d9dda0f5db
data/primary/summaries/CartPole-v1__Classical-PPO__seed11.json,1142,3465d07284d128fdc3d8a5afe22c347ed998afb923ea22c4d6879797833041d4
data/primary/summaries/CartPole-v1__Classical-PPO__seed131.json,1145,932389d809d09e16bb62c7c17b9f956d98a62101aca21b11a9902339127fa64a
data/primary/summaries/CartPole-v1__Classical-PPO__seed157.json,1142,6bf30b35c321e496232e5e42de2ec72776b12119f5136b20b9e94725c249bde4
data/primary/summaries/CartPole-v1__Classical-PPO__seed181.json,1146,356e332026b80f027ea5e2fd843d2f753aadcbb063141e86e98c70ccb9be7333
data/primary/summaries/CartPole-v1__Classical-PPO__seed23.json,1142,e13982bbc1a01f71457da78a808b912d8baa077c917e8e23cf0a4708ec7f39c7
data/primary/summaries/CartPole-v1__Classical-PPO__seed37.json,1140,607501949f57e06eeae93885374e93c9b2f14347565ec5cc2d7f06fce352dc55
data/primary/summaries/CartPole-v1__Classical-PPO__seed53.json,1139,120c743636b43639fbddf47abce4bf2b87e47ba078dc3ec3ef9375354cbfbb94
data/primary/summaries/CartPole-v1__Classical-PPO__seed71.json,1140,5a2c07f13e115a7c67ba6345d21adf1005cc956ec21cea4fa792ee62a62c3228
data/primary/summaries/CartPole-v1__Classical-PPO__seed89.json,1141,709634920a33fc09237856b133c27a440ac4db838ec7b5ea90610c82d36b7109
data/primary/summaries/CartPole-v1__Fixed-QPPO-128__seed107.json,1153,589dbc67dcb47c8bc715e40fbafc358498303f82418fca5f12e609a8a441925a
data/primary/summaries/CartPole-v1__Fixed-QPPO-128__seed11.json,1179,bda1df6c8d3c2a17feabf4855c84919555939d6a959041fd3bb074cbfacc6ad8
data/primary/summaries/CartPole-v1__Fixed-QPPO-128__seed131.json,1153,958261d8ab39368be8f542711a41a3d233091a5fdae019e7ccfd8c6af2e3b255
data/primary/summaries/CartPole-v1__Fixed-QPPO-128__seed157.json,1180,de470dc333f7e2596d3cf1075e2389ddbed21e7526638e993864860918a24e1c
data/primary/summaries/CartPole-v1__Fixed-QPPO-128__seed181.json,1182,f060ee44c194b3a56a8ebfee655b4f6fbd1d1038e1ad85e0de5a2b6d1fcf5614
data/primary/summaries/CartPole-v1__Fixed-QPPO-128__seed23.json,1180,3021c0d092ae2a62039e85ce733a10bdeb9d7f73c158f7f5ba866fe85ae43ce1
data/primary/summaries/CartPole-v1__Fixed-QPPO-128__seed37.json,1149,25e90134bfea34bbec8c1c06898ee8338ea9b212c2c06249da4ba2ae06f78581
data/primary/summaries/CartPole-v1__Fixed-QPPO-128__seed53.json,1180,dc6a07a1ccc0f608d896b6eb0e8ca51c7e9a993b7289bea388dc1dd818db59e3
data/primary/summaries/CartPole-v1__Fixed-QPPO-128__seed71.json,1177,91883ae8e46c52812964f5471489bd1aa018c8e843685b61ee11c67631b7c646
data/primary/summaries/CartPole-v1__Fixed-QPPO-128__seed89.json,1154,28b1e125ac90afc0c8acad168ca62dab522901c2542d95396f5a2a75b0c6e6ea
data/primary/summaries/CartPole-v1__Fixed-QPPO-256__seed107.json,1184,4dd214990d582b07aaa41d15b2ab74c8251a5dca69d1b797f25abc42d6b3d7ae
data/primary/summaries/CartPole-v1__Fixed-QPPO-256__seed11.json,1173,0959699cd7c7c530d46bd65bbf686326db1e51702fb48b532fa8fcaa2991bddf
data/primary/summaries/CartPole-v1__Fixed-QPPO-256__seed131.json,1153,99fe002c3c833b234bb9396ef4818fc1a3976765e2a497fa92142c393fa5b6e3
data/primary/summaries/CartPole-v1__Fixed-QPPO-256__seed157.json,1152,f1be974facd76e99ce70bd13486e6239a2534364af1f1bd77ff16fd6955b27ee
data/primary/summaries/CartPole-v1__Fixed-QPPO-256__seed181.json,1152,2e12d94db9c4dcaf18d3ba086666e4acb28ec964ccd96f18a7f2520efc3cb2b2
data/primary/summaries/CartPole-v1__Fixed-QPPO-256__seed23.json,1152,285abacc06154e7ff824b344f3b3719520980851c60d28a5762c8b7748396bdd
data/primary/summaries/CartPole-v1__Fixed-QPPO-256__seed37.json,1179,4f5ba7a2b6732234ab7196f6d22aa7744244973072d872c887233faa4b242b2f
data/primary/summaries/CartPole-v1__Fixed-QPPO-256__seed53.json,1178,78f59522da8d57fc9672f85ef967d38a54bbd90f9f80997768bd3def35ec45dc
data/primary/summaries/CartPole-v1__Fixed-QPPO-256__seed71.json,1180,1b22c235640998512541cbdce923fe7c183f620c10806a33e3d1a047280ee350
data/primary/summaries/CartPole-v1__Fixed-QPPO-256__seed89.json,1181,88ec5dc9b20d1a12b52b571b79febdf898cc9ce84719cb1b85fee4132a21e06d
data/primary/summaries/CartPole-v1__QTrust-PPO-128__seed107.json,1161,93a1c48e4094f5d4ee8493d2af484188917a0e161e3c65286b89269905b41f74
data/primary/summaries/CartPole-v1__QTrust-PPO-128__seed11.json,1165,9d70e74c06ead7ff1b93e6b14396dd90a6aa2f50633a2461988232e05e270f6f
data/primary/summaries/CartPole-v1__QTrust-PPO-128__seed131.json,1191,2d0c74bc2a82edee0989b075cac6bda6c9cac31135e7e884d385a60c437c6864
data/primary/summaries/CartPole-v1__QTrust-PPO-128__seed157.json,1191,472216786d0e5e0298c8810def550555b0486c5ff31cb18aaea0170a32bae442
data/primary/summaries/CartPole-v1__QTrust-PPO-128__seed181.json,1193,40610902b9dac159e0520a469c715635f4d6624e4cb9ba62abe8800a94320934
data/primary/summaries/CartPole-v1__QTrust-PPO-128__seed23.json,1189,78f0714003d0777c00e00494ba4a2e539ae78c2d68c1647d15a7f2877432721c
data/primary/summaries/CartPole-v1__QTrust-PPO-128__seed37.json,1190,0e4cc4277a6a95fab03c3508e65067dccb8b3358e3a9d5df8b3beb49ccd84c6a
data/primary/summaries/CartPole-v1__QTrust-PPO-128__seed53.json,1189,e7e6a53d1dc3ec4d4a340fb4dd462e7c4b89e893511cca30ef4a8eea1a629740
data/primary/summaries/CartPole-v1__QTrust-PPO-128__seed71.json,1171,e328955953e1c8ff0f0c36dd35de4e444f64e5e0e12ea369b2094fb1cd78d78b
data/primary/summaries/CartPole-v1__QTrust-PPO-128__seed89.json,1193,098834adb56b832b701466aee32d6f8aa5f2ebcc085963a1835e0f8786748313
data/primary/summaries/LunarLander-v3__Classical-PPO__seed107.json,1194,f42ac6e6551bac12ea0ab0df1a55eb53581ae86d1ee9daa311b611ca634916c1
data/primary/summaries/LunarLander-v3__Classical-PPO__seed11.json,1191,de93aaa2f5dcc9399ce6ba9f25a01a44c4ae61fdafc20ef9b64336fbdc83880c
data/primary/summaries/LunarLander-v3__Classical-PPO__seed131.json,1192,14aa29b639b46484f77335c025e15d3ab6bb6d7752c21bb53b163547676f74c4
data/primary/summaries/LunarLander-v3__Classical-PPO__seed157.json,1195,c8f16f71fbf8c1f8501780d1e4ee015cdf250994de24a6dd38942d7b78f0dafd
data/primary/summaries/LunarLander-v3__Classical-PPO__seed181.json,1195,e90a9312affff1bdebd674e9632b80bb078bc9095794be793eea71429abb028f
data/primary/summaries/LunarLander-v3__Classical-PPO__seed23.json,1180,d5200d82bcb02349b802b9f56839d9d60f810a936152050a53aa5dbd8ff2a1f6
data/primary/summaries/LunarLander-v3__Classical-PPO__seed37.json,1179,767de93780445835b77bf0c5941c917a7f0c3bb3371f26f0dcf3744eb081356d
data/primary/summaries/LunarLander-v3__Classical-PPO__seed53.json,1191,dab0a703e708de01fb8305a62d795a915cc7d385b4ff6be72ab2a1fd98854217
data/primary/summaries/LunarLander-v3__Classical-PPO__seed71.json,1180,7e29c56feca4f3a3de00a6c7c6f32799674d75c73dc96a4d4bebea22e85764d3
data/primary/summaries/LunarLander-v3__Classical-PPO__seed89.json,1181,fbcf72323dd1a22fccb10bc9d48f247a7bcba88719672fffc9363c10d92c64ea
data/primary/summaries/LunarLander-v3__Fixed-QPPO-128__seed107.json,1230,3dc6fac4bbf447b1902f5680b90954e236e9577a81e663fd3f1d32c0136859df
data/primary/summaries/LunarLander-v3__Fixed-QPPO-128__seed11.json,1232,29349bb5718e0cb2e92bba8f1819bbc0688f6c18ef50163d8941d97717414117
data/primary/summaries/LunarLander-v3__Fixed-QPPO-128__seed131.json,1222,f08a4877a15321c8a4b25cabe76fc0490b21f25c2385f3ea8300e6b48ef0c950
data/primary/summaries/LunarLander-v3__Fixed-QPPO-128__seed157.json,1222,86990e2214da713cae340f23d45c458adeb0bc0deeaeb5e07a851830d1ba49da
data/primary/summaries/LunarLander-v3__Fixed-QPPO-128__seed181.json,1223,03a2159d2937f59489eda8c59d10aa9fe067c7c083da6ccfd756219f90fb2eab
data/primary/summaries/LunarLander-v3__Fixed-QPPO-128__seed23.json,1235,980408278b9d8167cd2b378adb93b02825af0093554c7aacd42e00b2666510d1
data/primary/summaries/LunarLander-v3__Fixed-QPPO-128__seed37.json,1231,53d43dca27c54d9bc35c1da4635ecfae6847959b3ec6774fa48be156cc962d9c
data/primary/summaries/LunarLander-v3__Fixed-QPPO-128__seed53.json,1235,1fcb5deca77f70ebb1a229fdd861a93e655c23be00529a7b5f09d5b887f41228
data/primary/summaries/LunarLander-v3__Fixed-QPPO-128__seed71.json,1233,3920fa39a924530e0a65e9efd4d335fbeff7de964c46fd288b03967a547fe081
data/primary/summaries/LunarLander-v3__Fixed-QPPO-128__seed89.json,1219,c64f8fc037d1473d2fae74637faae28752b93a767ccafbea43ad1f9c4f0aae45
data/primary/summaries/LunarLander-v3__Fixed-QPPO-256__seed107.json,1237,4ab7836f3a4b383954cd72520f7f3206ac2d42dc54a2dac1ec812254fd67047e
data/primary/summaries/LunarLander-v3__Fixed-QPPO-256__seed11.json,1232,6672f92e8b57c687d0433a99b75c007b8116bc6e388ed67eb7da7b6f2e2559c2
data/primary/summaries/LunarLander-v3__Fixed-QPPO-256__seed131.json,1235,969779c4feda4b62f1017f174594e7272dd7746bd248cba4f4ed712372143ece
data/primary/summaries/LunarLander-v3__Fixed-QPPO-256__seed157.json,1221,95ea921e21354000766c05f7167e9bab29a8b1e713dad73e2b753e8869ea9105
data/primary/summaries/LunarLander-v3__Fixed-QPPO-256__seed181.json,1219,c383c074f02a8fcbe52eecbcc1b6b018da42a6b306c9fbf6a881c47f5c92e40f
data/primary/summaries/LunarLander-v3__Fixed-QPPO-256__seed23.json,1237,775d9d29a11010ceccfe7f8d854c03a8594c28d868f87a2e91d4474335ad594b
data/primary/summaries/LunarLander-v3__Fixed-QPPO-256__seed37.json,1218,a7f62f29a839d0f35b280fb28999876b32a8afa40cc7cd32116b2151341e4ef3
data/primary/summaries/LunarLander-v3__Fixed-QPPO-256__seed53.json,1220,625b37e5460f0218c7c0211b464dbee7ea0b2dc123f3b1e0af1335205e54d798
data/primary/summaries/LunarLander-v3__Fixed-QPPO-256__seed71.json,1232,674d6f012e9bff7a9cb0c72c87971636052fb2b7e59d66652852043421cbae13
data/primary/summaries/LunarLander-v3__Fixed-QPPO-256__seed89.json,1234,5df6c73a08aaeae4f3c5b7eef7c1029d98eb13423236609b748006d25a8dc769
data/primary/summaries/LunarLander-v3__QTrust-PPO-128__seed107.json,1260,75dc1fe377cdb01ad21688a0d8eb0bd11fd41641248d814fba0f3dd81ed53315
data/primary/summaries/LunarLander-v3__QTrust-PPO-128__seed11.json,1244,8df41d0d92e0580db07515a887aa54998bd298819336fb06844531e1dcc399b9
data/primary/summaries/LunarLander-v3__QTrust-PPO-128__seed131.json,1257,02b16f49700a66f9d599a06534a5c49017a05c0dd0727e1b0b66521f995a33df
data/primary/summaries/LunarLander-v3__QTrust-PPO-128__seed157.json,1261,15a1b2dc27fdcc4bd9e37e6d84b633183034e1a2ee435f88e163adfb5dd59839
data/primary/summaries/LunarLander-v3__QTrust-PPO-128__seed181.json,1257,a853e3ab89aad801bef185f97432d29ebc012807df23434d2522fb4ec1df382a
data/primary/summaries/LunarLander-v3__QTrust-PPO-128__seed23.json,1258,0323c166dcb167d921efe89fd07bd0857f889f5dee032d1039a94042fea3521b
data/primary/summaries/LunarLander-v3__QTrust-PPO-128__seed37.json,1258,a6f766b0c451c5b2e29acb60b5830f623f9645b4fc6e0d9ef24472956185b91d
data/primary/summaries/LunarLander-v3__QTrust-PPO-128__seed53.json,1259,4ff7a6fbd4ae2b54b048472c0e82a6fc778d43bde405fbaf709b04409a7fcc04
data/primary/summaries/LunarLander-v3__QTrust-PPO-128__seed71.json,1260,74a92bb2fa11fadaea5477e327a887f13361497d80329f420d7321d30a625bdd
data/primary/summaries/LunarLander-v3__QTrust-PPO-128__seed89.json,1261,f04338a31826cd1206e2949f31d0e183117c7bd1113ef334b5841c555129d08a
data/primary/updates/Acrobot-v1__Classical-PPO__seed107.csv,16639,cd50366f282723b50dc7c64f357c6a0a39fd149b9366e05273492a3becef9d86
data/primary/updates/Acrobot-v1__Classical-PPO__seed11.csv,16399,4664fdd6a79126718583b2161bc89fa9db08989b94a4065313586ec78306e019
data/primary/updates/Acrobot-v1__Classical-PPO__seed131.csv,16458,46ecddb888ac6718976922ca3985ee01d754fbdc3956514f0f1bfba99e96b374
data/primary/updates/Acrobot-v1__Classical-PPO__seed157.csv,16996,2fd718f95234dbf8cdc6c036d643616202821f0ea99abc9026e9682b237b2b99
data/primary/updates/Acrobot-v1__Classical-PPO__seed181.csv,16000,3439caaca1654a1d3383687fa490a82fa34dcfaa3e0ae03557aa21eeab73026a
data/primary/updates/Acrobot-v1__Classical-PPO__seed23.csv,16335,b16c4a519b95e7af107b5c1ebc5c8d6ca5e80d81883469f68cc4ee3af5f707e7
data/primary/updates/Acrobot-v1__Classical-PPO__seed37.csv,16173,2333bfee5a82b4ef86cd540cb6802388a2875919e9e91045dbbde14f8098550a
data/primary/updates/Acrobot-v1__Classical-PPO__seed53.csv,17094,3463e46edf32e4253770ee2a6328861e8eb6e90adce1fa0b5e6eb3954d977456
data/primary/updates/Acrobot-v1__Classical-PPO__seed71.csv,17114,0432a66c7a4c5b0bc9856cd13cc45d164f636554f6ae34fa80b55d4ff19bf228
data/primary/updates/Acrobot-v1__Classical-PPO__seed89.csv,16989,1413dc0385a9c957d05b2605aff2c1facdf5e3129bf28e0e5be58c741a0063bd
data/primary/updates/Acrobot-v1__Fixed-QPPO-128__seed107.csv,22103,32a30eada61e18d944ebf2ba26e92a79b809bde4876ae9557746ab96f1e01da4
data/primary/updates/Acrobot-v1__Fixed-QPPO-128__seed11.csv,22130,a77b0296eb9a226ca03eb3c5caae4e22a3421db0afcf6177d7d14f14245e614e
data/primary/updates/Acrobot-v1__Fixed-QPPO-128__seed131.csv,22086,f9d7d90e536c6ffc7d0d8128f26825a91d7e08ffb1779c4128e42d59accf4ffd
data/primary/updates/Acrobot-v1__Fixed-QPPO-128__seed157.csv,22084,b8282c4d8aa70955ba60392308af9c8ba6885633e024e9b91c6b90e1b825643f
data/primary/updates/Acrobot-v1__Fixed-QPPO-128__seed181.csv,22111,fe3e4b5801d52819ee718a98458a5041e50dcdfab007b03c1b03cb9c79f83e36
data/primary/updates/Acrobot-v1__Fixed-QPPO-128__seed23.csv,22113,37e9cdf4c348c45405560ce3dc5fdd43f4066570b5b3a7b9251786ea6cc45849
data/primary/updates/Acrobot-v1__Fixed-QPPO-128__seed37.csv,22112,5303cedebfa6ca2f185cdfc55ceb770592f72e73952709ce2d237da154e0798b
data/primary/updates/Acrobot-v1__Fixed-QPPO-128__seed53.csv,22135,a44f8bdacb41e12991dcd24a083e3e0424aa390c7bdf301dfcf377589ff27230
data/primary/updates/Acrobot-v1__Fixed-QPPO-128__seed71.csv,22120,84e2db191951d60913781fba29761896270c7554974aa6caf9431eb91016c67b
data/primary/updates/Acrobot-v1__Fixed-QPPO-128__seed89.csv,22107,7615e4cab9995a47205a843b912a6fd1b1ba05355a6390f3773326e27affc277
data/primary/updates/Acrobot-v1__Fixed-QPPO-256__seed107.csv,22201,96716759c2145a89695765250937be73137739b6476960ddf3dd5c9aec8fcffe
data/primary/updates/Acrobot-v1__Fixed-QPPO-256__seed11.csv,22228,0e758e3d240f6b55b197e28b033e0beba6f5cc4c7790a10b150d474de52d1a43
data/primary/updates/Acrobot-v1__Fixed-QPPO-256__seed131.csv,22265,f87f69b38fd399139632c10b7b3c85e09a0bddcb22f7eca1e81d4a730952fb29
data/primary/updates/Acrobot-v1__Fixed-QPPO-256__seed157.csv,22227,4819837ae87b8cd1428a68f3bbd9f0a420e223e75f57b78021ff58894b62440e
data/primary/updates/Acrobot-v1__Fixed-QPPO-256__seed181.csv,22254,8492c209495e464e9b100d61af35f5e36cfe0fa58eb986e67f280b6210701026
data/primary/updates/Acrobot-v1__Fixed-QPPO-256__seed23.csv,22226,add8abc90f1b192f80cfd64e4c864951e7595138791980d2e24a1bb6eb537e6f
data/primary/updates/Acrobot-v1__Fixed-QPPO-256__seed37.csv,22213,95737920b1e09af1519a3f17af4af57080b0d2c65f1ea9e43e705a8c89d9394c
data/primary/updates/Acrobot-v1__Fixed-QPPO-256__seed53.csv,22201,e1c83d8221a8f13f81b3d0045d884e4b5ac612fa165061a8a504c59d39f931f6
data/primary/updates/Acrobot-v1__Fixed-QPPO-256__seed71.csv,22224,cd36413935fea17a78a84e36df8e063267682d5bfb56b2d747cacb27e534efa0
data/primary/updates/Acrobot-v1__Fixed-QPPO-256__seed89.csv,22215,5c74ad42eee933083915d40e80bbd33976a384c8354aa6ade062a705b42244b6
data/primary/updates/Acrobot-v1__QTrust-PPO-128__seed107.csv,27241,774f8ff52385792b735889c49cf628ff6388623beb4625ec522f653bc66a3c78
data/primary/updates/Acrobot-v1__QTrust-PPO-128__seed11.csv,27227,6405c75643312512bc5da0abd2152ee325e1160eb1b3e00103cc317b31407e38
data/primary/updates/Acrobot-v1__QTrust-PPO-128__seed131.csv,27296,c4eae7dff84d166f609149267df1a0a1c4d9b28854d7cfc712c244ccf8a99654
data/primary/updates/Acrobot-v1__QTrust-PPO-128__seed157.csv,27290,f1d223b2299ca6bbd029978e0fcf342605ee2e869a306a9a2066219de6bb251f
data/primary/updates/Acrobot-v1__QTrust-PPO-128__seed181.csv,27323,acf862fbaa0507014710880d38ffc6aa091fe28085a975728d9c20d682fe5067
data/primary/updates/Acrobot-v1__QTrust-PPO-128__seed23.csv,27219,9b66c53a5069003097d0f11b687e88daa7dc07f0a5ed3e383f16fd29d20455df
data/primary/updates/Acrobot-v1__QTrust-PPO-128__seed37.csv,27283,de0276861b01f498828ca2b719158b3d9e213a6896046528c4d4f216a8437d26
data/primary/updates/Acrobot-v1__QTrust-PPO-128__seed53.csv,27298,e49993d2b3a332edd96992244c716eeaa6d34aeb3caf75c74218d22cc97c75da
data/primary/updates/Acrobot-v1__QTrust-PPO-128__seed71.csv,27276,e5ecbcfcbca6bfa473c84fa6092808389de718e3dffa10f6b5d7e4f04c9e6911
data/primary/updates/Acrobot-v1__QTrust-PPO-128__seed89.csv,27255,c0ce141e2d8a423d7e337b879e201800bf1ae0fc0baef3b0e988280ccebfa809
data/primary/updates/CartPole-v1__Classical-PPO__seed107.csv,8773,b747f1b365b68452248497cbd03f1b5b313c9be86bff3afee246161e574c3786
data/primary/updates/CartPole-v1__Classical-PPO__seed11.csv,8761,0536e099123ad14d407497041eb8fa6abb1965a0f657cfe38102e037340807a9
data/primary/updates/CartPole-v1__Classical-PPO__seed131.csv,8778,fb961c8ad7e84bc97317f283e131d547d243bb60d90ddd8bd974a5f791a0e7eb
data/primary/updates/CartPole-v1__Classical-PPO__seed157.csv,8791,40cf020a5b3209c44ab4f1d90766dfc08ad5f55c75467e321a0eee0e88f52896
data/primary/updates/CartPole-v1__Classical-PPO__seed181.csv,8795,359601d6273299adfbcf0d99a589e6f552cb1dcee5ed7db77b3a5d239609b9b5
data/primary/updates/CartPole-v1__Classical-PPO__seed23.csv,8726,14f6b593e14c213482f54325a0da9692e7f72624d6627894c492c1d1eacbe7f2
data/primary/updates/CartPole-v1__Classical-PPO__seed37.csv,8731,fdd7d35fe1e67d24aa4675a85f11c65787f845b6ec3e0257699f163dfdafcbbf
data/primary/updates/CartPole-v1__Classical-PPO__seed53.csv,8757,2469147ca0ff115d979f9786987ba2d777a68a4234d2b4f043e576b499b3819a
data/primary/updates/CartPole-v1__Classical-PPO__seed71.csv,8777,fc8aa7d3442a48363e9151dda68129fb7c76cc09177373280e95b7b6dd17dbdb
data/primary/updates/CartPole-v1__Classical-PPO__seed89.csv,8732,3dd19a9cec9c8beb6308ebc65c8a31ecac1ac347452a49d6e5154d7918405ec7
data/primary/updates/CartPole-v1__Fixed-QPPO-128__seed107.csv,11079,45157e6aadda3a2bc4c5482cc64c67ae809c33bde4de1d04fd9ce4ae3afde813
data/primary/updates/CartPole-v1__Fixed-QPPO-128__seed11.csv,11104,59a1b851715ec7c39efa9e127cae6c10bdb40a74aec392f708776b91d6768076
data/primary/updates/CartPole-v1__Fixed-QPPO-128__seed131.csv,11088,55f3c09a10353393550f9fd8bec700c8ff4655c115d98110c0ae25bc4d4a0288
data/primary/updates/CartPole-v1__Fixed-QPPO-128__seed157.csv,11089,2944f8da22fe131ec25c5154141c1ad3399187530bf5c1a205846b370924fc75
data/primary/updates/CartPole-v1__Fixed-QPPO-128__seed181.csv,11106,3ddecc85ef0529cd5414ab8978cc9786b23e5f8450c38aa2ef3ab285031ac4a7
data/primary/updates/CartPole-v1__Fixed-QPPO-128__seed23.csv,11111,de8e327d4cfde2c098ed2f724a562fc34ee5aaadff42ed1d58d032166c63b93a
data/primary/updates/CartPole-v1__Fixed-QPPO-128__seed37.csv,11093,7902810838d0300ce53bb52ac542e82db5931ad7500fd76679d161c41ed83837
data/primary/updates/CartPole-v1__Fixed-QPPO-128__seed53.csv,11070,695ecaf656e0fa235b0d368e1654ddad3818438d5ec056421d429c972bb1bee8
data/primary/updates/CartPole-v1__Fixed-QPPO-128__seed71.csv,11078,2e51638c930eb2c2aaa8bef8661213399feb5b78c59536237fbe379776b82f2f
data/primary/updates/CartPole-v1__Fixed-QPPO-128__seed89.csv,11093,e0cfe27d1ea06057e26e73497c7b3c8894e3db68b9f231ea70cb9acacaf8c5ba
data/primary/updates/CartPole-v1__Fixed-QPPO-256__seed107.csv,11128,29004c6e31b2cea2c8fb2f28133f71c194c0e2075c416c64dd81ab9f2dc21af0
data/primary/updates/CartPole-v1__Fixed-QPPO-256__seed11.csv,11139,d7329f8c3b86dce32d1cbd653439f1da62bd84641c66462020815c27fe103a63
data/primary/updates/CartPole-v1__Fixed-QPPO-256__seed131.csv,11117,9e0c2ac4e3093439bfe3e419b9b5603b31630213e3cb74953366a5e65c82d25e
data/primary/updates/CartPole-v1__Fixed-QPPO-256__seed157.csv,11142,37a38767cd37523e8db26d8b1a611f54dbe79fadc12b4636cf2f527314279c52
data/primary/updates/CartPole-v1__Fixed-QPPO-256__seed181.csv,11174,09da177700753c80081c85e0bee77bf4457346f144e2672124984548482327c9
data/primary/updates/CartPole-v1__Fixed-QPPO-256__seed23.csv,11131,61575529e9105bd5bc7a98de2bc1639a5e6365fcff929659d75194ca9456c1f0
data/primary/updates/CartPole-v1__Fixed-QPPO-256__seed37.csv,11131,4f649621b609e214e7e5801d927374a98fea7ac7b2ce00a093ba3c444becc353
data/primary/updates/CartPole-v1__Fixed-QPPO-256__seed53.csv,11145,32ee2e798f348076a639fb394166ec934ca8b89ea38c723a96b642b09d580626
data/primary/updates/CartPole-v1__Fixed-QPPO-256__seed71.csv,11170,86e8b957be3f9d259960555ee59c755d5109404f36e679b16882f7d8b44ba93d
data/primary/updates/CartPole-v1__Fixed-QPPO-256__seed89.csv,11136,5c6a151961e07f312f52926f47099fd7650f9da0a943d81c2d8297750ee27d92
data/primary/updates/CartPole-v1__QTrust-PPO-128__seed107.csv,13409,f7c3c40421ff3a9284f77ef0446918aca5c02a65c203664dcd65c9fd503f223f
data/primary/updates/CartPole-v1__QTrust-PPO-128__seed11.csv,13409,b10f5ef217dc04121b9fb359b5f768e3494a1d9f13d75a0cfe054ade83d1d4e0
data/primary/updates/CartPole-v1__QTrust-PPO-128__seed131.csv,13408,2797906b760717a747d108c637608e04d761eb0beef0bc9e90a091b53c044288
data/primary/updates/CartPole-v1__QTrust-PPO-128__seed157.csv,13428,573eff5b94648848f639988eebf3df48efe02b2a85233f23dd4667b655377c1a
data/primary/updates/CartPole-v1__QTrust-PPO-128__seed181.csv,13379,ccb2462f3c76999dc2b5e19c24772d41f3613c6d0d980faa0b139d4da7a6b006
data/primary/updates/CartPole-v1__QTrust-PPO-128__seed23.csv,13396,ee2b104bfcffbd97dbf449729c6162360e4fdf9a85bb39567fed2a1ffb8182b7
data/primary/updates/CartPole-v1__QTrust-PPO-128__seed37.csv,13397,ccca8cd69d61782138030d682cc167226f567a42b9291422670c4758c6a6b772
data/primary/updates/CartPole-v1__QTrust-PPO-128__seed53.csv,13437,6ee5319ca3ff682e710962dab92c15070385548c62c10e86fcf5b6ab09f1fdeb
data/primary/updates/CartPole-v1__QTrust-PPO-128__seed71.csv,13398,26f83aeba5b9ab00aea8d5efca2804d42d88e59c498634393b656bb4e80f4a9a
data/primary/updates/CartPole-v1__QTrust-PPO-128__seed89.csv,13418,a931c221235263d0f74d03448439cec2fd5eaaf4ef40086e4093ede4e7543083
data/primary/updates/LunarLander-v3__Classical-PPO__seed107.csv,16172,1af7ce2dfe08e8672061b161b197646184d53e31e8b0a5c6dda16f8e07c4d853
data/primary/updates/LunarLander-v3__Classical-PPO__seed11.csv,15207,6ede1da36bd0591f8b94c59eef15bb77272f54252755e9b221b76d0d0bebbf19
data/primary/updates/LunarLander-v3__Classical-PPO__seed131.csv,15956,bf92d7b644635f83f1e5bb718feca682bfc67e481d4497c699de5dbb0eb95fd4
data/primary/updates/LunarLander-v3__Classical-PPO__seed157.csv,15126,300e10a2f2ca04a2a2c1c7972130f8954162366e095a3f961e3bbcc8670e0547
data/primary/updates/LunarLander-v3__Classical-PPO__seed181.csv,15126,4c6d180c8409ec67035c3e59f5b00892f34abbc06e138ed45751797b55219b34
data/primary/updates/LunarLander-v3__Classical-PPO__seed23.csv,14945,4b2d554765606e11236af5704291af79024be25a335be6b0179b99ff138b6d7b
data/primary/updates/LunarLander-v3__Classical-PPO__seed37.csv,16355,d8b2a803cfbde1464eadf7d4d9913a5c67a8eb4b30459b74f2f384382ce0f589
data/primary/updates/LunarLander-v3__Classical-PPO__seed53.csv,15506,d5da0e5114b42c2abee137092343a8417c87be4553b856ed12f12740505bad88
data/primary/updates/LunarLander-v3__Classical-PPO__seed71.csv,15824,b1664ac25d0c935dad101933805847ba9e05870ab3a85968cf3a36dcdb81216b
data/primary/updates/LunarLander-v3__Classical-PPO__seed89.csv,16124,2badc52e66ccde5b4394eec137304b4aa3965053104c0357d9e402639d871b90
data/primary/updates/LunarLander-v3__Fixed-QPPO-128__seed107.csv,21970,07ab05386cf2cc86c28faffb4cd532a036af47112710ca8e28ed73e38d98229a
data/primary/updates/LunarLander-v3__Fixed-QPPO-128__seed11.csv,21894,569b5f4b87272306242e87d033d2ef49c039db9a71a0c82201b4e2a8be5dd590
data/primary/updates/LunarLander-v3__Fixed-QPPO-128__seed131.csv,21899,cdc8f8cfc3738431c32c20958dc6ee87c9907d4d20f3a861d6f1e6afea9450fc
data/primary/updates/LunarLander-v3__Fixed-QPPO-128__seed157.csv,21942,311cd7b9c33415e931189381d8e73551f577bb1b7daded5efe0f27fe29296b2d
data/primary/updates/LunarLander-v3__Fixed-QPPO-128__seed181.csv,21915,9f94ad45605aa364711ff1464b2299c3ad33f5f8039d4dac112fb4a2b3d7ed1d
data/primary/updates/LunarLander-v3__Fixed-QPPO-128__seed23.csv,21967,c9322905f2d40fd62546692615ec88149a0048ad77e2bed75b455ef16ae8557f
data/primary/updates/LunarLander-v3__Fixed-QPPO-128__seed37.csv,21902,3284bd48dbafdc89720febc6d46b3752b0733038ae5b59177344007cfdb073ca
data/primary/updates/LunarLander-v3__Fixed-QPPO-128__seed53.csv,21956,a6b292024d1f3561668f05eb515af84704497819a455b4be1b54ca2943692ae5
data/primary/updates/LunarLander-v3__Fixed-QPPO-128__seed71.csv,21923,3ad1846347ddaebbbabf4de2679ae0ed59c3d2783443262bdee33f119ca857a2
data/primary/updates/LunarLander-v3__Fixed-QPPO-128__seed89.csv,21898,116a7f589e62dd330c4430c584ffb9d8fc5076c512432bfc5a4cb26ee7df4618
data/primary/updates/LunarLander-v3__Fixed-QPPO-256__seed107.csv,22094,358ac4c8c4e38d2232c50cd2fc48df1bb930378c0d9cbc21b15141b167e7a720
data/primary/updates/LunarLander-v3__Fixed-QPPO-256__seed11.csv,22100,dec2496427d712778daf6dca28f4bf4fddecb23037318a530d7466d4fb8da08b
data/primary/updates/LunarLander-v3__Fixed-QPPO-256__seed131.csv,22090,f08824fbe507545d53a7cb64d23411e931b9ae7a3ab5fabf02595f4660e29f31
data/primary/updates/LunarLander-v3__Fixed-QPPO-256__seed157.csv,22051,c803e4240a2f994517fa1d19089246e5fafae3418b9bf987516f8319c7d8793e
data/primary/updates/LunarLander-v3__Fixed-QPPO-256__seed181.csv,22066,3c0e1caeb431977c3c69a1501fc0f10a24e7e86c3662a1284c4584817dc208ff
data/primary/updates/LunarLander-v3__Fixed-QPPO-256__seed23.csv,22073,5d5971f95a7ed53bf3dcafa2224daf740b9c4841a4e2e9ab15d328d9981a29da
data/primary/updates/LunarLander-v3__Fixed-QPPO-256__seed37.csv,22070,44419b7be604680a1554b43e7af130c9539972440722d497a171506abec1e259
data/primary/updates/LunarLander-v3__Fixed-QPPO-256__seed53.csv,22093,baee3d8b584fbc39af854cd43b37c41dba2692ff62dfbf8974714a369ba2acc6
data/primary/updates/LunarLander-v3__Fixed-QPPO-256__seed71.csv,22072,78fb1cb3a27ded0fcc68b13ee025b34b1e6aa809b394dd763724819483c7d99d
data/primary/updates/LunarLander-v3__Fixed-QPPO-256__seed89.csv,22103,d940a501c74658476379441e34c1b8363742ac97aeb85652d227a7126c580ce6
data/primary/updates/LunarLander-v3__QTrust-PPO-128__seed107.csv,27154,a722dcd20ab412560aae6b73f6cb43a7e7a51ab3253260843cfb0c515e13384a
data/primary/updates/LunarLander-v3__QTrust-PPO-128__seed11.csv,27190,dea71b6ba806714924fcf714510010621dfde2128993692501892caed47c7450
data/primary/updates/LunarLander-v3__QTrust-PPO-128__seed131.csv,27196,63c8cea77dc8bc10cebae8afc72c1f83a276a83afb8ffbaa2f64ae3c51d3916a
data/primary/updates/LunarLander-v3__QTrust-PPO-128__seed157.csv,27179,c7c1981a6b77d621bb3347653797c6cb4e8747ea3c53f1032b130589484b3d6e
data/primary/updates/LunarLander-v3__QTrust-PPO-128__seed181.csv,27190,92368c56524269a340cab79f2c318006393e402d5ee0287c54991c31ed5e93db
data/primary/updates/LunarLander-v3__QTrust-PPO-128__seed23.csv,27242,9a3b652ef22fd4170979e3218802b01f2da20abeead08e8511c1d08c1d9bdf53
data/primary/updates/LunarLander-v3__QTrust-PPO-128__seed37.csv,27161,927230a6f972ceb937de39f26c915f3d7d0b4362e81f594a9c462e2cf7be2755
data/primary/updates/LunarLander-v3__QTrust-PPO-128__seed53.csv,27209,c549235cbf52edb807793e69b6750d2bb45633e84d254d0a36399aff46ea0e9b
data/primary/updates/LunarLander-v3__QTrust-PPO-128__seed71.csv,27201,4549d71d101a858c9c3a9c695933447d3aa8c35455fd16d6e4cd4484c2c1c89e
data/primary/updates/LunarLander-v3__QTrust-PPO-128__seed89.csv,27165,caba110d54080f74b974bef1a01b11cd7376d76cc09f9a959f2d58de6d309a65
figures/README.md,429,7f2b380bc54dcfbd0cd94c6a32c5668b09e0259c13369996ac583c7d8b7e304c
figures/pdf/circuit_depth_scalability.pdf,15380,f00e16f112d13fcc2ceec415ae4c25b09b6f1ad69b3e7a62975cc38407966240
figures/pdf/confidence_and_rollback_ablation.pdf,16199,fc0aa76a006d788e3b388f0de15d441db23b2359b24b3835274d6e7981123098
figures/pdf/confidence_bound_comparison.pdf,14628,7e32efd1ccec7f09fa547f42f4f7ef5f13ca98fcfe36e2f4e2aa8ea742a1f07e
figures/pdf/controlled_boundary_reliability.pdf,15235,530282fbe50938fd12ab4c91f4c685b8f7e842843a9b7b092332965c44d1f07a
figures/pdf/main_seed_level_performance.pdf,21397,ab11005bf796f8bad1ab4ebd2f71c119e161dbff4548b12033e59f9c2207ab8b
figures/pdf/output_noise_robustness.pdf,17214,f2b899a7258e02076e4071fe794e339d7f77886e94243c82dc2503921bfbdba0
figures/pdf/primary_paired_effects.pdf,14647,a9e94c1c47574f6e3df5ca221e8f44a65cf0bedb7dbd0627e5235ef4443f7e3b
figures/pdf/qtrust_reliability_and_update_gating.pdf,13785,34d3612568f8be8304866ee4b3592df9c34ab558861da3d360d2a4ababe13559
figures/pdf/qtrust_training_dynamics.pdf,33529,0aaa50cbcdce28fe6221c56c861ddb71a15b7f0c2b8294a5fe7c13b6d921f0a5
figures/pdf/quantum_resource_decomposition.pdf,15483,6d4767a0e80afd06dfc9a9b0245990866e2cc83ca9e43fd030077157629d0666
figures/pdf/quantum_resource_performance.pdf,19487,dd77611d6ec50a6f42d0b892990616c997d3a8fa2b940d5af2b674e88df4b6c3
figures/pdf/supplementary_paired_effects.pdf,18348,becc19e917100939e231dcf9b1fc53dd085dd79e839e67c2b909efe1f407e162
figures/png/circuit_depth_scalability.png,333961,23b3cf3adf2b1af82c65888a47d1c5c7b79a4430e9f789dd6825b8a71b592832
figures/png/confidence_and_rollback_ablation.png,331444,5408cfaef6a9a3a8a9ef6b2cfb1bd724e0007e5b50c41c0ef25b9368bad7b07e
figures/png/confidence_bound_comparison.png,294016,28124227b5e593c8c01b84dd1987cf55205df1da3c47a82488926fa52a304796
figures/png/controlled_boundary_reliability.png,436369,0e5ab57575a5c270cec1c19e18a3f5ae9c95c8ab8dd2a53418897a7ae8a645bd
figures/png/main_seed_level_performance.png,537553,d1628596e0a479e04f1083f9125b41e296f54260ab7bcd7445967a01ddb68f59
figures/png/output_noise_robustness.png,376704,23ff7e2e13a2f9acd4126bbabbc1fe6be8c72a9af55a95c894cbca02338ac290
figures/png/primary_paired_effects.png,329649,71f524d133da2eacff818c5a7e389509538f77c8f095492d0c6130d7975d3505
figures/png/qtrust_reliability_and_update_gating.png,346314,db344a430fab60e43340bba145e5e916f9737cc0af1f19e36b603284f3ddb834
figures/png/qtrust_training_dynamics.png,2853904,8836dfeb463e9f8fac1eb031bfd151aaf9407e7ec73c2fa6909f29fd84cd1f88
figures/png/quantum_resource_decomposition.png,402628,f4a119821ab3741fc6189809dfb42153ceb704e684971e96cb79eee9782e2761
figures/png/quantum_resource_performance.png,524445,ac3a31beefab2b06f243c95e10f89f3bb8c12393022407c33274125997f465e8
figures/png/supplementary_paired_effects.png,324199,0f9c93fa342dcd01fae975302af0deb1431f0e2f7d2e4c566df6dcf9f7c350c0
notebooks/01_QTrust_PPO_Core_Benchmark.ipynb,320299,247b0ab20fd810e39be40886258816450c888019baa3f457dc56b45370b7b08c
notebooks/02_QTrust_PPO_Ablations_Robustness_and_Analysis.ipynb,600479,30497ad8ef3aa374e684a10cbf1e6f7ffbc0024514f1f84dd2cbdb79e6db5897
requirements.txt,280,47b277b0d3db231099a29c8799836d3eef8e0e0174eb856e4241bc2268260230
statistics/A_paired_inference.csv,1898,c9fdd2ce9845abaf45329f4e5f9163aae6f8167914cde3e60a6827553ff2c9d1
statistics/A_seed_level_summary.csv,1195,970edbbe0d107748396dbe8c6b6d84d5e0cb257383dd3aad70811199010133ef
statistics/B_ablation_paired_inference.csv,710,96435b8c295424b7c7ab6fa8835a08c2eb9d08dfac3c504b9bc5bed6ee7dc6cd
statistics/B_diagnostics_summary.csv,280,99027ddfab9c6210459598bf3f7bd8ed8ad527c06c8d413ca0f7b0aca2b3f7e0
statistics/B_seed_level_summary.csv,333,3e1be312f3ad86140d02ed4ccef687356b1de8b9b40cde44e0230d032987a8ae
statistics/C_diagnostics_summary.csv,500,818ba6a31fb870417c4018df6e18a5b58d8e43c98e0cd84df2f868488efd4e9c
statistics/C_noise_vs_clean_paired_inference.csv,1845,92279e5a4e45b5b4e5de3ea49c1c2883f1c702bce6fd56b009140d73b771ea37
statistics/C_qtrust_vs_fixed_paired_inference.csv,1144,20c2303b2e55091e1e14fa8ec3032533fd88e6d6665c7393b78724c3399333cc
statistics/C_seed_level_summary.csv,719,c5ef8eb5d1fac669f6149bff9ea55a104c7ca5a08130b2d911b9f8e91fc2db79
statistics/D_depth_paired_inference.csv,680,8b6da2f6569655f20266b726d7db9d4289406a70d43a68c0cae96f1de7185699
statistics/D_diagnostics_summary.csv,306,11479e96fced84bbc937b981247c5d6d3d3b59dba71c86a7294dbfcda34a9e00
statistics/D_seed_level_summary_with_depth3_reference.csv,368,37838f49a9808d6657dcaadd978ee879c784c9c43511d70f6e39365940fde0da
statistics/E_paired_confidence_method_analysis.csv,1173,f225571f867a99617bfecefe18daa050c40458578f333c1349b835b7886ec772
statistics/statistical_analysis_protocol.json,906,4a218571d2638116969c49f1a53d6bac7837b8a5ea6da99c98f0edb000637246
tables/README.md,417,82e31f8f0e9a93fed4327f835ee925afba04eb037cdaae40fddddc2f2b3af8a9
tables/ablation_paired_inference.csv,710,96435b8c295424b7c7ab6fa8835a08c2eb9d08dfac3c504b9bc5bed6ee7dc6cd
tables/ablation_results.csv,468,284c5bea27fcd4e3318670082e3a7d2a4f99936bf3dea5f0f4edf88b090f30f5
tables/ablation_runtime_summary.csv,479,9ae69b8a4c3ab42ab51a6e37bf8a57645958566886bb13a3d04f1fb3e249c60a
tables/confidence_bound_paired.csv,1173,f225571f867a99617bfecefe18daa050c40458578f333c1349b835b7886ec772
tables/confidence_bound_results.csv,674,146b0e80103327be4c4e4c94967b74ded29266e72b8e7948fe30441dadddc099
tables/depth_paired_inference.csv,680,8b6da2f6569655f20266b726d7db9d4289406a70d43a68c0cae96f1de7185699
tables/depth_results.csv,447,704bcaad1964a46e4c77a33e2281a5a11725f6aa1315ee33f1695a538583a875
tables/depth_runtime_summary.csv,398,b77df0eb992a85c447b745b05a623940f7d822a7019f61ef6fccf85599749c0e
tables/experimental_protocol.csv,490,2192786e33b03185e9c706ba892b5dddf68f133254630a937c18596569133aa8
tables/fixed_shot_and_qtrust_reliability.csv,821,d1639370723ae45ca38343085ff37f4c107fab2dc5aa7f55769128e9b10f2cf6
tables/main_paired_inference.csv,943,b84ecad7f90d79b29fed45f8469117e11766eb365953bff5dc1c8d9282e12f62
tables/main_performance.csv,1093,8ca78b0f2e177bdccb94400286b91f7d8f81c7eb70eb16befcceead1027230e4
tables/noise_paired_inference.csv,1144,20c2303b2e55091e1e14fa8ec3032533fd88e6d6665c7393b78724c3399333cc
tables/noise_results.csv,612,3993075e7c15a7ab0d5ddebf769da039ac02a63a4a9f6c521917e941489df7ee
tables/noise_runtime_summary.csv,863,8520dccdc13126e982857633f65299ac1eead1ca67398b262ad52a95371b4020
tables/noise_vs_clean_inference.csv,1845,92279e5a4e45b5b4e5de3ea49c1c2883f1c702bce6fd56b009140d73b771ea37
tables/primary_runtime.csv,1350,fdcafccc733d04fe7958f0d0e35320fd2bcfa5d1b2f78a84f3087c67fdf690d8
tables/qtrust_certification_diagnostics.csv,353,7304b14c572e39b3d78cd3f66ab3a768ea9dae0cb3368cd514adfb7648606388
tables/quantum_shot_accounting.csv,913,92319eef73036ddb2e0517a10fc35c970b261f1d46bfe4e1e713e1f6f0d62b76
